Product_ID,Product_Name,Category,Week,Sales_Quantity,Price_per_Unit,Revenue
P001,Rice,Staples,2020-01-06,108,55,5940
P001,Rice,Staples,2020-01-13,137,55,7535
P001,Rice,Staples,2020-01-20,115,55,6325
P001,Rice,Staples,2020-01-27,139,55,7645
P001,Rice,Staples,2020-02-03,127,55,6985
P001,Rice,Staples,2020-02-10,128,55,7040
P001,Rice,Staples,2020-02-17,137,55,7535
P001,Rice,Staples,2020-02-24,130,55,7150
P001,Rice,Staples,2020-03-02,107,55,5885
P001,Rice,Staples,2020-03-09,106,55,5830
P001,Rice,Staples,2020-03-16,89,55,4895
P001,Rice,Staples,2020-03-23,97,55,5335
P001,Rice,Staples,2020-03-30,96,55,5280
P001,Rice,Staples,2020-04-06,84,55,4620
P001,Rice,Staples,2020-04-13,103,55,5665
P001,Rice,Staples,2020-04-20,91,55,5005
P001,Rice,Staples,2020-04-27,83,55,4565
P001,Rice,Staples,2020-05-04,83,55,4565
P001,Rice,Staples,2020-05-11,90,55,4950
P001,Rice,Staples,2020-05-18,93,55,5115
P001,Rice,Staples,2020-05-25,102,55,5610
P001,Rice,Staples,2020-06-01,85,55,4675
P001,Rice,Staples,2020-06-08,99,55,5445
P001,Rice,Staples,2020-06-15,92,55,5060
P001,Rice,Staples,2020-06-22,92,55,5060
P001,Rice,Staples,2020-06-29,87,55,4785
P001,Rice,Staples,2020-07-06,103,55,5665
P001,Rice,Staples,2020-07-13,93,55,5115
P001,Rice,Staples,2020-07-20,88,55,4840
P001,Rice,Staples,2020-07-27,93,55,5115
P001,Rice,Staples,2020-08-03,98,55,5390
P001,Rice,Staples,2020-08-10,100,55,5500
P001,Rice,Staples,2020-08-17,91,55,5005
P001,Rice,Staples,2020-08-24,93,55,5115
P001,Rice,Staples,2020-08-31,96,55,5280
P001,Rice,Staples,2020-09-07,79,55,4345
P001,Rice,Staples,2020-09-14,104,55,5720
P001,Rice,Staples,2020-09-21,102,55,5610
P001,Rice,Staples,2020-09-28,84,55,4620
P001,Rice,Staples,2020-10-05,86,55,4730
P001,Rice,Staples,2020-10-12,80,55,4400
P001,Rice,Staples,2020-10-19,86,55,4730
P001,Rice,Staples,2020-10-26,103,55,5665
P001,Rice,Staples,2020-11-02,84,55,4620
P001,Rice,Staples,2020-11-09,95,55,5225
P001,Rice,Staples,2020-11-16,84,55,4620
P001,Rice,Staples,2020-11-23,83,55,4565
P001,Rice,Staples,2020-11-30,85,55,4675
P001,Rice,Staples,2020-12-07,105,55,5775
P001,Rice,Staples,2020-12-14,99,55,5445
P001,Rice,Staples,2020-12-21,94,55,5170
P001,Rice,Staples,2020-12-28,103,55,5665
P001,Rice,Staples,2021-01-04,134,55,7370
P001,Rice,Staples,2021-01-11,126,55,6930
P001,Rice,Staples,2021-01-18,120,55,6600
P001,Rice,Staples,2021-01-25,120,55,6600
P001,Rice,Staples,2021-02-01,121,55,6655
P001,Rice,Staples,2021-02-08,126,55,6930
P001,Rice,Staples,2021-02-15,120,55,6600
P001,Rice,Staples,2021-02-22,112,55,6160
P001,Rice,Staples,2021-03-01,95,55,5225
P001,Rice,Staples,2021-03-08,88,55,4840
P001,Rice,Staples,2021-03-15,82,55,4510
P001,Rice,Staples,2021-03-22,82,55,4510
P001,Rice,Staples,2021-03-29,89,55,4895
P001,Rice,Staples,2021-04-05,88,55,4840
P001,Rice,Staples,2021-04-12,82,55,4510
P001,Rice,Staples,2021-04-19,97,55,5335
P001,Rice,Staples,2021-04-26,91,55,5005
P001,Rice,Staples,2021-05-03,95,55,5225
P001,Rice,Staples,2021-05-10,95,55,5225
P001,Rice,Staples,2021-05-17,93,55,5115
P001,Rice,Staples,2021-05-24,87,55,4785
P001,Rice,Staples,2021-05-31,91,55,5005
P001,Rice,Staples,2021-06-07,101,55,5555
P001,Rice,Staples,2021-06-14,95,55,5225
P001,Rice,Staples,2021-06-21,94,55,5170
P001,Rice,Staples,2021-06-28,101,55,5555
P001,Rice,Staples,2021-07-05,84,55,4620
P001,Rice,Staples,2021-07-12,89,55,4895
P001,Rice,Staples,2021-07-19,90,55,4950
P001,Rice,Staples,2021-07-26,83,55,4565
P001,Rice,Staples,2021-08-02,82,55,4510
P001,Rice,Staples,2021-08-09,80,55,4400
P001,Rice,Staples,2021-08-16,104,55,5720
P001,Rice,Staples,2021-08-23,97,55,5335
P001,Rice,Staples,2021-08-30,79,55,4345
P001,Rice,Staples,2021-09-06,86,55,4730
P001,Rice,Staples,2021-09-13,104,55,5720
P001,Rice,Staples,2021-09-20,106,55,5830
P001,Rice,Staples,2021-09-27,78,55,4290
P001,Rice,Staples,2021-10-04,91,55,5005
P001,Rice,Staples,2021-10-11,99,55,5445
P001,Rice,Staples,2021-10-18,100,55,5500
P001,Rice,Staples,2021-10-25,100,55,5500
P001,Rice,Staples,2021-11-01,84,55,4620
P001,Rice,Staples,2021-11-08,102,55,5610
P001,Rice,Staples,2021-11-15,80,55,4400
P001,Rice,Staples,2021-11-22,84,55,4620
P001,Rice,Staples,2021-11-29,92,55,5060
P001,Rice,Staples,2021-12-06,86,55,4730
P001,Rice,Staples,2021-12-13,100,55,5500
P001,Rice,Staples,2021-12-20,107,55,5885
P001,Rice,Staples,2021-12-27,94,55,5170
P001,Rice,Staples,2022-01-03,116,55,6380
P001,Rice,Staples,2022-01-10,135,55,7425
P001,Rice,Staples,2022-01-17,130,55,7150
P001,Rice,Staples,2022-01-24,125,55,6875
P001,Rice,Staples,2022-01-31,104,55,5720
P001,Rice,Staples,2022-02-07,108,55,5940
P001,Rice,Staples,2022-02-14,112,55,6160
P001,Rice,Staples,2022-02-21,120,55,6600
P001,Rice,Staples,2022-02-28,119,55,6545
P001,Rice,Staples,2022-03-07,98,55,5390
P001,Rice,Staples,2022-03-14,87,55,4785
P001,Rice,Staples,2022-03-21,83,55,4565
P001,Rice,Staples,2022-03-28,89,55,4895
P001,Rice,Staples,2022-04-04,86,55,4730
P001,Rice,Staples,2022-04-11,80,55,4400
P001,Rice,Staples,2022-04-18,83,55,4565
P001,Rice,Staples,2022-04-25,84,55,4620
P001,Rice,Staples,2022-05-02,92,55,5060
P001,Rice,Staples,2022-05-09,87,55,4785
P001,Rice,Staples,2022-05-16,105,55,5775
P001,Rice,Staples,2022-05-23,81,55,4455
P001,Rice,Staples,2022-05-30,98,55,5390
P001,Rice,Staples,2022-06-06,95,55,5225
P001,Rice,Staples,2022-06-13,106,55,5830
P001,Rice,Staples,2022-06-20,80,55,4400
P001,Rice,Staples,2022-06-27,81,55,4455
P001,Rice,Staples,2022-07-04,95,55,5225
P001,Rice,Staples,2022-07-11,84,55,4620
P001,Rice,Staples,2022-07-18,97,55,5335
P001,Rice,Staples,2022-07-25,91,55,5005
P001,Rice,Staples,2022-08-01,84,55,4620
P001,Rice,Staples,2022-08-08,78,55,4290
P001,Rice,Staples,2022-08-15,100,55,5500
P001,Rice,Staples,2022-08-22,89,55,4895
P001,Rice,Staples,2022-08-29,91,55,5005
P001,Rice,Staples,2022-09-05,87,55,4785
P001,Rice,Staples,2022-09-12,85,55,4675
P001,Rice,Staples,2022-09-19,103,55,5665
P001,Rice,Staples,2022-09-26,97,55,5335
P001,Rice,Staples,2022-10-03,95,55,5225
P001,Rice,Staples,2022-10-10,82,55,4510
P001,Rice,Staples,2022-10-17,82,55,4510
P001,Rice,Staples,2022-10-24,87,55,4785
P001,Rice,Staples,2022-10-31,104,55,5720
P001,Rice,Staples,2022-11-07,105,55,5775
P001,Rice,Staples,2022-11-14,85,55,4675
P001,Rice,Staples,2022-11-21,85,55,4675
P001,Rice,Staples,2022-11-28,95,55,5225
P001,Rice,Staples,2022-12-05,85,55,4675
P001,Rice,Staples,2022-12-12,107,55,5885
P001,Rice,Staples,2022-12-19,105,55,5775
P001,Rice,Staples,2022-12-26,90,55,4950
P001,Rice,Staples,2023-01-02,132,55,7260
P001,Rice,Staples,2023-01-09,118,55,6490
P001,Rice,Staples,2023-01-16,121,55,6655
P001,Rice,Staples,2023-01-23,121,55,6655
P001,Rice,Staples,2023-01-30,124,55,6820
P001,Rice,Staples,2023-02-06,135,55,7425
P001,Rice,Staples,2023-02-13,118,55,6490
P001,Rice,Staples,2023-02-20,132,55,7260
P001,Rice,Staples,2023-02-27,115,55,6325
P001,Rice,Staples,2023-03-06,93,55,5115
P001,Rice,Staples,2023-03-13,82,55,4510
P001,Rice,Staples,2023-03-20,95,55,5225
P001,Rice,Staples,2023-03-27,103,55,5665
P001,Rice,Staples,2023-04-03,97,55,5335
P001,Rice,Staples,2023-04-10,91,55,5005
P001,Rice,Staples,2023-04-17,81,55,4455
P001,Rice,Staples,2023-04-24,81,55,4455
P001,Rice,Staples,2023-05-01,105,55,5775
P001,Rice,Staples,2023-05-08,89,55,4895
P001,Rice,Staples,2023-05-15,104,55,5720
P001,Rice,Staples,2023-05-22,89,55,4895
P001,Rice,Staples,2023-05-29,105,55,5775
P001,Rice,Staples,2023-06-05,88,55,4840
P001,Rice,Staples,2023-06-12,102,55,5610
P001,Rice,Staples,2023-06-19,106,55,5830
P001,Rice,Staples,2023-06-26,78,55,4290
P001,Rice,Staples,2023-07-03,81,55,4455
P001,Rice,Staples,2023-07-10,96,55,5280
P001,Rice,Staples,2023-07-17,84,55,4620
P001,Rice,Staples,2023-07-24,99,55,5445
P001,Rice,Staples,2023-07-31,91,55,5005
P001,Rice,Staples,2023-08-07,82,55,4510
P001,Rice,Staples,2023-08-14,92,55,5060
P001,Rice,Staples,2023-08-21,82,55,4510
P001,Rice,Staples,2023-08-28,90,55,4950
P001,Rice,Staples,2023-09-04,100,55,5500
P001,Rice,Staples,2023-09-11,94,55,5170
P001,Rice,Staples,2023-09-18,104,55,5720
P001,Rice,Staples,2023-09-25,91,55,5005
P001,Rice,Staples,2023-10-02,88,55,4840
P001,Rice,Staples,2023-10-09,84,55,4620
P001,Rice,Staples,2023-10-16,104,55,5720
P001,Rice,Staples,2023-10-23,97,55,5335
P001,Rice,Staples,2023-10-30,105,55,5775
P001,Rice,Staples,2023-11-06,104,55,5720
P001,Rice,Staples,2023-11-13,82,55,4510
P001,Rice,Staples,2023-11-20,85,55,4675
P001,Rice,Staples,2023-11-27,99,55,5445
P001,Rice,Staples,2023-12-04,89,55,4895
P001,Rice,Staples,2023-12-11,86,55,4730
P001,Rice,Staples,2023-12-18,103,55,5665
P001,Rice,Staples,2023-12-25,88,55,4840
P001,Rice,Staples,2024-01-01,108,55,5940
P001,Rice,Staples,2024-01-08,116,55,6380
P001,Rice,Staples,2024-01-15,108,55,5940
P001,Rice,Staples,2024-01-22,120,55,6600
P001,Rice,Staples,2024-01-29,117,55,6435
P001,Rice,Staples,2024-02-05,104,55,5720
P001,Rice,Staples,2024-02-12,131,55,7205
P001,Rice,Staples,2024-02-19,126,55,6930
P001,Rice,Staples,2024-02-26,130,55,7150
P001,Rice,Staples,2024-03-04,106,55,5830
P001,Rice,Staples,2024-03-11,97,55,5335
P001,Rice,Staples,2024-03-18,81,55,4455
P001,Rice,Staples,2024-03-25,106,55,5830
P001,Rice,Staples,2024-04-01,88,55,4840
P001,Rice,Staples,2024-04-08,99,55,5445
P001,Rice,Staples,2024-04-15,89,55,4895
P001,Rice,Staples,2024-04-22,93,55,5115
P001,Rice,Staples,2024-04-29,84,55,4620
P001,Rice,Staples,2024-05-06,87,55,4785
P001,Rice,Staples,2024-05-13,96,55,5280
P001,Rice,Staples,2024-05-20,86,55,4730
P001,Rice,Staples,2024-05-27,78,55,4290
P001,Rice,Staples,2024-06-03,102,55,5610
P001,Rice,Staples,2024-06-10,99,55,5445
P001,Rice,Staples,2024-06-17,93,55,5115
P001,Rice,Staples,2024-06-24,93,55,5115
P001,Rice,Staples,2024-07-01,81,55,4455
P001,Rice,Staples,2024-07-08,93,55,5115
P001,Rice,Staples,2024-07-15,79,55,4345
P001,Rice,Staples,2024-07-22,107,55,5885
P001,Rice,Staples,2024-07-29,105,55,5775
P001,Rice,Staples,2024-08-05,106,55,5830
P001,Rice,Staples,2024-08-12,94,55,5170
P001,Rice,Staples,2024-08-19,89,55,4895
P001,Rice,Staples,2024-08-26,95,55,5225
P001,Rice,Staples,2024-09-02,93,55,5115
P001,Rice,Staples,2024-09-09,102,55,5610
P001,Rice,Staples,2024-09-16,93,55,5115
P001,Rice,Staples,2024-09-23,84,55,4620
P001,Rice,Staples,2024-09-30,87,55,4785
P001,Rice,Staples,2024-10-07,103,55,5665
P001,Rice,Staples,2024-10-14,93,55,5115
P001,Rice,Staples,2024-10-21,103,55,5665
P001,Rice,Staples,2024-10-28,95,55,5225
P001,Rice,Staples,2024-11-04,89,55,4895
P001,Rice,Staples,2024-11-11,83,55,4565
P001,Rice,Staples,2024-11-18,93,55,5115
P001,Rice,Staples,2024-11-25,94,55,5170
P001,Rice,Staples,2024-12-02,106,55,5830
P001,Rice,Staples,2024-12-09,107,55,5885
P001,Rice,Staples,2024-12-16,91,55,5005
P001,Rice,Staples,2024-12-23,85,55,4675
P001,Rice,Staples,2024-12-30,107,55,5885
P002,Atta,Staples,2020-01-06,142,45,6390
P002,Atta,Staples,2020-01-13,149,45,6705
P002,Atta,Staples,2020-01-20,134,45,6030
P002,Atta,Staples,2020-01-27,150,45,6750
P002,Atta,Staples,2020-02-03,144,45,6480
P002,Atta,Staples,2020-02-10,150,45,6750
P002,Atta,Staples,2020-02-17,136,45,6120
P002,Atta,Staples,2020-02-24,134,45,6030
P002,Atta,Staples,2020-03-02,116,45,5220
P002,Atta,Staples,2020-03-09,111,45,4995
P002,Atta,Staples,2020-03-16,117,45,5265
P002,Atta,Staples,2020-03-23,129,45,5805
P002,Atta,Staples,2020-03-30,109,45,4905
P002,Atta,Staples,2020-04-06,125,45,5625
P002,Atta,Staples,2020-04-13,114,45,5130
P002,Atta,Staples,2020-04-20,117,45,5265
P002,Atta,Staples,2020-04-27,107,45,4815
P002,Atta,Staples,2020-05-04,128,45,5760
P002,Atta,Staples,2020-05-11,125,45,5625
P002,Atta,Staples,2020-05-18,116,45,5220
P002,Atta,Staples,2020-05-25,121,45,5445
P002,Atta,Staples,2020-06-01,128,45,5760
P002,Atta,Staples,2020-06-08,120,45,5400
P002,Atta,Staples,2020-06-15,129,45,5805
P002,Atta,Staples,2020-06-22,112,45,5040
P002,Atta,Staples,2020-06-29,126,45,5670
P002,Atta,Staples,2020-07-06,100,45,4500
P002,Atta,Staples,2020-07-13,111,45,4995
P002,Atta,Staples,2020-07-20,108,45,4860
P002,Atta,Staples,2020-07-27,116,45,5220
P002,Atta,Staples,2020-08-03,119,45,5355
P002,Atta,Staples,2020-08-10,128,45,5760
P002,Atta,Staples,2020-08-17,105,45,4725
P002,Atta,Staples,2020-08-24,115,45,5175
P002,Atta,Staples,2020-08-31,118,45,5310
P002,Atta,Staples,2020-09-07,111,45,4995
P002,Atta,Staples,2020-09-14,126,45,5670
P002,Atta,Staples,2020-09-21,112,45,5040
P002,Atta,Staples,2020-09-28,109,45,4905
P002,Atta,Staples,2020-10-05,117,45,5265
P002,Atta,Staples,2020-10-12,114,45,5130
P002,Atta,Staples,2020-10-19,111,45,4995
P002,Atta,Staples,2020-10-26,127,45,5715
P002,Atta,Staples,2020-11-02,128,45,5760
P002,Atta,Staples,2020-11-09,120,45,5400
P002,Atta,Staples,2020-11-16,110,45,4950
P002,Atta,Staples,2020-11-23,124,45,5580
P002,Atta,Staples,2020-11-30,126,45,5670
P002,Atta,Staples,2020-12-07,112,45,5040
P002,Atta,Staples,2020-12-14,107,45,4815
P002,Atta,Staples,2020-12-21,102,45,4590
P002,Atta,Staples,2020-12-28,113,45,5085
P002,Atta,Staples,2021-01-04,138,45,6210
P002,Atta,Staples,2021-01-11,145,45,6525
P002,Atta,Staples,2021-01-18,144,45,6480
P002,Atta,Staples,2021-01-25,132,45,5940
P002,Atta,Staples,2021-02-01,143,45,6435
P002,Atta,Staples,2021-02-08,133,45,5985
P002,Atta,Staples,2021-02-15,134,45,6030
P002,Atta,Staples,2021-02-22,150,45,6750
P002,Atta,Staples,2021-03-01,104,45,4680
P002,Atta,Staples,2021-03-08,129,45,5805
P002,Atta,Staples,2021-03-15,101,45,4545
P002,Atta,Staples,2021-03-22,128,45,5760
P002,Atta,Staples,2021-03-29,115,45,5175
P002,Atta,Staples,2021-04-05,121,45,5445
P002,Atta,Staples,2021-04-12,120,45,5400
P002,Atta,Staples,2021-04-19,118,45,5310
P002,Atta,Staples,2021-04-26,106,45,4770
P002,Atta,Staples,2021-05-03,118,45,5310
P002,Atta,Staples,2021-05-10,117,45,5265
P002,Atta,Staples,2021-05-17,110,45,4950
P002,Atta,Staples,2021-05-24,106,45,4770
P002,Atta,Staples,2021-05-31,107,45,4815
P002,Atta,Staples,2021-06-07,116,45,5220
P002,Atta,Staples,2021-06-14,100,45,4500
P002,Atta,Staples,2021-06-21,109,45,4905
P002,Atta,Staples,2021-06-28,111,45,4995
P002,Atta,Staples,2021-07-05,128,45,5760
P002,Atta,Staples,2021-07-12,119,45,5355
P002,Atta,Staples,2021-07-19,127,45,5715
P002,Atta,Staples,2021-07-26,118,45,5310
P002,Atta,Staples,2021-08-02,104,45,4680
P002,Atta,Staples,2021-08-09,113,45,5085
P002,Atta,Staples,2021-08-16,104,45,4680
P002,Atta,Staples,2021-08-23,119,45,5355
P002,Atta,Staples,2021-08-30,128,45,5760
P002,Atta,Staples,2021-09-06,129,45,5805
P002,Atta,Staples,2021-09-13,127,45,5715
P002,Atta,Staples,2021-09-20,128,45,5760
P002,Atta,Staples,2021-09-27,103,45,4635
P002,Atta,Staples,2021-10-04,119,45,5355
P002,Atta,Staples,2021-10-11,108,45,4860
P002,Atta,Staples,2021-10-18,104,45,4680
P002,Atta,Staples,2021-10-25,100,45,4500
P002,Atta,Staples,2021-11-01,129,45,5805
P002,Atta,Staples,2021-11-08,121,45,5445
P002,Atta,Staples,2021-11-15,109,45,4905
P002,Atta,Staples,2021-11-22,104,45,4680
P002,Atta,Staples,2021-11-29,120,45,5400
P002,Atta,Staples,2021-12-06,109,45,4905
P002,Atta,Staples,2021-12-13,102,45,4590
P002,Atta,Staples,2021-12-20,118,45,5310
P002,Atta,Staples,2021-12-27,111,45,4995
P002,Atta,Staples,2022-01-03,152,45,6840
P002,Atta,Staples,2022-01-10,159,45,7155
P002,Atta,Staples,2022-01-17,130,45,5850
P002,Atta,Staples,2022-01-24,135,45,6075
P002,Atta,Staples,2022-01-31,148,45,6660
P002,Atta,Staples,2022-02-07,161,45,7245
P002,Atta,Staples,2022-02-14,144,45,6480
P002,Atta,Staples,2022-02-21,126,45,5670
P002,Atta,Staples,2022-02-28,142,45,6390
P002,Atta,Staples,2022-03-07,128,45,5760
P002,Atta,Staples,2022-03-14,116,45,5220
P002,Atta,Staples,2022-03-21,124,45,5580
P002,Atta,Staples,2022-03-28,119,45,5355
P002,Atta,Staples,2022-04-04,113,45,5085
P002,Atta,Staples,2022-04-11,105,45,4725
P002,Atta,Staples,2022-04-18,103,45,4635
P002,Atta,Staples,2022-04-25,129,45,5805
P002,Atta,Staples,2022-05-02,112,45,5040
P002,Atta,Staples,2022-05-09,114,45,5130
P002,Atta,Staples,2022-05-16,101,45,4545
P002,Atta,Staples,2022-05-23,116,45,5220
P002,Atta,Staples,2022-05-30,122,45,5490
P002,Atta,Staples,2022-06-06,101,45,4545
P002,Atta,Staples,2022-06-13,123,45,5535
P002,Atta,Staples,2022-06-20,113,45,5085
P002,Atta,Staples,2022-06-27,117,45,5265
P002,Atta,Staples,2022-07-04,102,45,4590
P002,Atta,Staples,2022-07-11,112,45,5040
P002,Atta,Staples,2022-07-18,126,45,5670
P002,Atta,Staples,2022-07-25,127,45,5715
P002,Atta,Staples,2022-08-01,117,45,5265
P002,Atta,Staples,2022-08-08,117,45,5265
P002,Atta,Staples,2022-08-15,108,45,4860
P002,Atta,Staples,2022-08-22,115,45,5175
P002,Atta,Staples,2022-08-29,114,45,5130
P002,Atta,Staples,2022-09-05,115,45,5175
P002,Atta,Staples,2022-09-12,109,45,4905
P002,Atta,Staples,2022-09-19,112,45,5040
P002,Atta,Staples,2022-09-26,101,45,4545
P002,Atta,Staples,2022-10-03,112,45,5040
P002,Atta,Staples,2022-10-10,111,45,4995
P002,Atta,Staples,2022-10-17,110,45,4950
P002,Atta,Staples,2022-10-24,127,45,5715
P002,Atta,Staples,2022-10-31,126,45,5670
P002,Atta,Staples,2022-11-07,128,45,5760
P002,Atta,Staples,2022-11-14,108,45,4860
P002,Atta,Staples,2022-11-21,125,45,5625
P002,Atta,Staples,2022-11-28,104,45,4680
P002,Atta,Staples,2022-12-05,116,45,5220
P002,Atta,Staples,2022-12-12,125,45,5625
P002,Atta,Staples,2022-12-19,108,45,4860
P002,Atta,Staples,2022-12-26,121,45,5445
P002,Atta,Staples,2023-01-02,133,45,5985
P002,Atta,Staples,2023-01-09,161,45,7245
P002,Atta,Staples,2023-01-16,140,45,6300
P002,Atta,Staples,2023-01-23,153,45,6885
P002,Atta,Staples,2023-01-30,151,45,6795
P002,Atta,Staples,2023-02-06,136,45,6120
P002,Atta,Staples,2023-02-13,146,45,6570
P002,Atta,Staples,2023-02-20,130,45,5850
P002,Atta,Staples,2023-02-27,139,45,6255
P002,Atta,Staples,2023-03-06,109,45,4905
P002,Atta,Staples,2023-03-13,121,45,5445
P002,Atta,Staples,2023-03-20,127,45,5715
P002,Atta,Staples,2023-03-27,128,45,5760
P002,Atta,Staples,2023-04-03,123,45,5535
P002,Atta,Staples,2023-04-10,105,45,4725
P002,Atta,Staples,2023-04-17,104,45,4680
P002,Atta,Staples,2023-04-24,106,45,4770
P002,Atta,Staples,2023-05-01,128,45,5760
P002,Atta,Staples,2023-05-08,105,45,4725
P002,Atta,Staples,2023-05-15,107,45,4815
P002,Atta,Staples,2023-05-22,115,45,5175
P002,Atta,Staples,2023-05-29,120,45,5400
P002,Atta,Staples,2023-06-05,124,45,5580
P002,Atta,Staples,2023-06-12,113,45,5085
P002,Atta,Staples,2023-06-19,129,45,5805
P002,Atta,Staples,2023-06-26,115,45,5175
P002,Atta,Staples,2023-07-03,112,45,5040
P002,Atta,Staples,2023-07-10,107,45,4815
P002,Atta,Staples,2023-07-17,105,45,4725
P002,Atta,Staples,2023-07-24,117,45,5265
P002,Atta,Staples,2023-07-31,126,45,5670
P002,Atta,Staples,2023-08-07,124,45,5580
P002,Atta,Staples,2023-08-14,127,45,5715
P002,Atta,Staples,2023-08-21,126,45,5670
P002,Atta,Staples,2023-08-28,128,45,5760
P002,Atta,Staples,2023-09-04,119,45,5355
P002,Atta,Staples,2023-09-11,113,45,5085
P002,Atta,Staples,2023-09-18,103,45,4635
P002,Atta,Staples,2023-09-25,104,45,4680
P002,Atta,Staples,2023-10-02,129,45,5805
P002,Atta,Staples,2023-10-09,111,45,4995
P002,Atta,Staples,2023-10-16,127,45,5715
P002,Atta,Staples,2023-10-23,101,45,4545
P002,Atta,Staples,2023-10-30,114,45,5130
P002,Atta,Staples,2023-11-06,119,45,5355
P002,Atta,Staples,2023-11-13,120,45,5400
P002,Atta,Staples,2023-11-20,106,45,4770
P002,Atta,Staples,2023-11-27,102,45,4590
P002,Atta,Staples,2023-12-04,114,45,5130
P002,Atta,Staples,2023-12-11,123,45,5535
P002,Atta,Staples,2023-12-18,122,45,5490
P002,Atta,Staples,2023-12-25,124,45,5580
P002,Atta,Staples,2024-01-01,128,45,5760
P002,Atta,Staples,2024-01-08,137,45,6165
P002,Atta,Staples,2024-01-15,154,45,6930
P002,Atta,Staples,2024-01-22,148,45,6660
P002,Atta,Staples,2024-01-29,132,45,5940
P002,Atta,Staples,2024-02-05,126,45,5670
P002,Atta,Staples,2024-02-12,154,45,6930
P002,Atta,Staples,2024-02-19,166,45,7470
P002,Atta,Staples,2024-02-26,141,45,6345
P002,Atta,Staples,2024-03-04,123,45,5535
P002,Atta,Staples,2024-03-11,128,45,5760
P002,Atta,Staples,2024-03-18,107,45,4815
P002,Atta,Staples,2024-03-25,109,45,4905
P002,Atta,Staples,2024-04-01,125,45,5625
P002,Atta,Staples,2024-04-08,107,45,4815
P002,Atta,Staples,2024-04-15,111,45,4995
P002,Atta,Staples,2024-04-22,112,45,5040
P002,Atta,Staples,2024-04-29,103,45,4635
P002,Atta,Staples,2024-05-06,115,45,5175
P002,Atta,Staples,2024-05-13,129,45,5805
P002,Atta,Staples,2024-05-20,107,45,4815
P002,Atta,Staples,2024-05-27,125,45,5625
P002,Atta,Staples,2024-06-03,101,45,4545
P002,Atta,Staples,2024-06-10,102,45,4590
P002,Atta,Staples,2024-06-17,100,45,4500
P002,Atta,Staples,2024-06-24,106,45,4770
P002,Atta,Staples,2024-07-01,109,45,4905
P002,Atta,Staples,2024-07-08,122,45,5490
P002,Atta,Staples,2024-07-15,111,45,4995
P002,Atta,Staples,2024-07-22,111,45,4995
P002,Atta,Staples,2024-07-29,124,45,5580
P002,Atta,Staples,2024-08-05,124,45,5580
P002,Atta,Staples,2024-08-12,117,45,5265
P002,Atta,Staples,2024-08-19,115,45,5175
P002,Atta,Staples,2024-08-26,112,45,5040
P002,Atta,Staples,2024-09-02,108,45,4860
P002,Atta,Staples,2024-09-09,120,45,5400
P002,Atta,Staples,2024-09-16,125,45,5625
P002,Atta,Staples,2024-09-23,103,45,4635
P002,Atta,Staples,2024-09-30,110,45,4950
P002,Atta,Staples,2024-10-07,121,45,5445
P002,Atta,Staples,2024-10-14,114,45,5130
P002,Atta,Staples,2024-10-21,110,45,4950
P002,Atta,Staples,2024-10-28,100,45,4500
P002,Atta,Staples,2024-11-04,119,45,5355
P002,Atta,Staples,2024-11-11,119,45,5355
P002,Atta,Staples,2024-11-18,117,45,5265
P002,Atta,Staples,2024-11-25,103,45,4635
P002,Atta,Staples,2024-12-02,128,45,5760
P002,Atta,Staples,2024-12-09,111,45,4995
P002,Atta,Staples,2024-12-16,113,45,5085
P002,Atta,Staples,2024-12-23,100,45,4500
P002,Atta,Staples,2024-12-30,112,45,5040
P003,Sugar,Staples,2020-01-06,127,42,5334
P003,Sugar,Staples,2020-01-13,117,42,4914
P003,Sugar,Staples,2020-01-20,140,42,5880
P003,Sugar,Staples,2020-01-27,130,42,5460
P003,Sugar,Staples,2020-02-03,136,42,5712
P003,Sugar,Staples,2020-02-10,127,42,5334
P003,Sugar,Staples,2020-02-17,114,42,4788
P003,Sugar,Staples,2020-02-24,127,42,5334
P003,Sugar,Staples,2020-03-02,136,42,5712
P003,Sugar,Staples,2020-03-09,118,42,4956
P003,Sugar,Staples,2020-03-16,129,42,5418
P003,Sugar,Staples,2020-03-23,112,42,4704
P003,Sugar,Staples,2020-03-30,122,42,5124
P003,Sugar,Staples,2020-04-06,116,42,4872
P003,Sugar,Staples,2020-04-13,112,42,4704
P003,Sugar,Staples,2020-04-20,113,42,4746
P003,Sugar,Staples,2020-04-27,130,42,5460
P003,Sugar,Staples,2020-05-04,129,42,5418
P003,Sugar,Staples,2020-05-11,122,42,5124
P003,Sugar,Staples,2020-05-18,111,42,4662
P003,Sugar,Staples,2020-05-25,139,42,5838
P003,Sugar,Staples,2020-06-01,126,42,5292
P003,Sugar,Staples,2020-06-08,129,42,5418
P003,Sugar,Staples,2020-06-15,117,42,4914
P003,Sugar,Staples,2020-06-22,139,42,5838
P003,Sugar,Staples,2020-06-29,125,42,5250
P003,Sugar,Staples,2020-07-06,122,42,5124
P003,Sugar,Staples,2020-07-13,111,42,4662
P003,Sugar,Staples,2020-07-20,111,42,4662
P003,Sugar,Staples,2020-07-27,133,42,5586
P003,Sugar,Staples,2020-08-03,140,42,5880
P003,Sugar,Staples,2020-08-10,138,42,5796
P003,Sugar,Staples,2020-08-17,134,42,5628
P003,Sugar,Staples,2020-08-24,136,42,5712
P003,Sugar,Staples,2020-08-31,126,42,5292
P003,Sugar,Staples,2020-09-07,133,42,5586
P003,Sugar,Staples,2020-09-14,122,42,5124
P003,Sugar,Staples,2020-09-21,137,42,5754
P003,Sugar,Staples,2020-09-28,118,42,4956
P003,Sugar,Staples,2020-10-05,161,42,6762
P003,Sugar,Staples,2020-10-12,172,42,7224
P003,Sugar,Staples,2020-10-19,152,42,6384
P003,Sugar,Staples,2020-10-26,164,42,6888
P003,Sugar,Staples,2020-11-02,147,42,6174
P003,Sugar,Staples,2020-11-09,152,42,6384
P003,Sugar,Staples,2020-11-16,150,42,6300
P003,Sugar,Staples,2020-11-23,167,42,7014
P003,Sugar,Staples,2020-11-30,155,42,6510
P003,Sugar,Staples,2020-12-07,130,42,5460
P003,Sugar,Staples,2020-12-14,129,42,5418
P003,Sugar,Staples,2020-12-21,126,42,5292
P003,Sugar,Staples,2020-12-28,127,42,5334
P003,Sugar,Staples,2021-01-04,135,42,5670
P003,Sugar,Staples,2021-01-11,121,42,5082
P003,Sugar,Staples,2021-01-18,124,42,5208
P003,Sugar,Staples,2021-01-25,127,42,5334
P003,Sugar,Staples,2021-02-01,135,42,5670
P003,Sugar,Staples,2021-02-08,122,42,5124
P003,Sugar,Staples,2021-02-15,122,42,5124
P003,Sugar,Staples,2021-02-22,124,42,5208
P003,Sugar,Staples,2021-03-01,114,42,4788
P003,Sugar,Staples,2021-03-08,137,42,5754
P003,Sugar,Staples,2021-03-15,121,42,5082
P003,Sugar,Staples,2021-03-22,120,42,5040
P003,Sugar,Staples,2021-03-29,134,42,5628
P003,Sugar,Staples,2021-04-05,122,42,5124
P003,Sugar,Staples,2021-04-12,138,42,5796
P003,Sugar,Staples,2021-04-19,136,42,5712
P003,Sugar,Staples,2021-04-26,132,42,5544
P003,Sugar,Staples,2021-05-03,116,42,4872
P003,Sugar,Staples,2021-05-10,131,42,5502
P003,Sugar,Staples,2021-05-17,124,42,5208
P003,Sugar,Staples,2021-05-24,133,42,5586
P003,Sugar,Staples,2021-05-31,122,42,5124
P003,Sugar,Staples,2021-06-07,127,42,5334
P003,Sugar,Staples,2021-06-14,119,42,4998
P003,Sugar,Staples,2021-06-21,129,42,5418
P003,Sugar,Staples,2021-06-28,115,42,4830
P003,Sugar,Staples,2021-07-05,116,42,4872
P003,Sugar,Staples,2021-07-12,123,42,5166
P003,Sugar,Staples,2021-07-19,113,42,4746
P003,Sugar,Staples,2021-07-26,138,42,5796
P003,Sugar,Staples,2021-08-02,133,42,5586
P003,Sugar,Staples,2021-08-09,120,42,5040
P003,Sugar,Staples,2021-08-16,122,42,5124
P003,Sugar,Staples,2021-08-23,132,42,5544
P003,Sugar,Staples,2021-08-30,111,42,4662
P003,Sugar,Staples,2021-09-06,137,42,5754
P003,Sugar,Staples,2021-09-13,132,42,5544
P003,Sugar,Staples,2021-09-20,138,42,5796
P003,Sugar,Staples,2021-09-27,113,42,4746
P003,Sugar,Staples,2021-10-04,158,42,6636
P003,Sugar,Staples,2021-10-11,161,42,6762
P003,Sugar,Staples,2021-10-18,168,42,7056
P003,Sugar,Staples,2021-10-25,184,42,7728
P003,Sugar,Staples,2021-11-01,146,42,6132
P003,Sugar,Staples,2021-11-08,182,42,7644
P003,Sugar,Staples,2021-11-15,154,42,6468
P003,Sugar,Staples,2021-11-22,181,42,7602
P003,Sugar,Staples,2021-11-29,170,42,7140
P003,Sugar,Staples,2021-12-06,123,42,5166
P003,Sugar,Staples,2021-12-13,126,42,5292
P003,Sugar,Staples,2021-12-20,111,42,4662
P003,Sugar,Staples,2021-12-27,122,42,5124
P003,Sugar,Staples,2022-01-03,118,42,4956
P003,Sugar,Staples,2022-01-10,111,42,4662
P003,Sugar,Staples,2022-01-17,137,42,5754
P003,Sugar,Staples,2022-01-24,126,42,5292
P003,Sugar,Staples,2022-01-31,125,42,5250
P003,Sugar,Staples,2022-02-07,120,42,5040
P003,Sugar,Staples,2022-02-14,138,42,5796
P003,Sugar,Staples,2022-02-21,116,42,4872
P003,Sugar,Staples,2022-02-28,120,42,5040
P003,Sugar,Staples,2022-03-07,115,42,4830
P003,Sugar,Staples,2022-03-14,140,42,5880
P003,Sugar,Staples,2022-03-21,134,42,5628
P003,Sugar,Staples,2022-03-28,133,42,5586
P003,Sugar,Staples,2022-04-04,114,42,4788
P003,Sugar,Staples,2022-04-11,124,42,5208
P003,Sugar,Staples,2022-04-18,136,42,5712
P003,Sugar,Staples,2022-04-25,124,42,5208
P003,Sugar,Staples,2022-05-02,128,42,5376
P003,Sugar,Staples,2022-05-09,119,42,4998
P003,Sugar,Staples,2022-05-16,125,42,5250
P003,Sugar,Staples,2022-05-23,114,42,4788
P003,Sugar,Staples,2022-05-30,126,42,5292
P003,Sugar,Staples,2022-06-06,111,42,4662
P003,Sugar,Staples,2022-06-13,134,42,5628
P003,Sugar,Staples,2022-06-20,114,42,4788
P003,Sugar,Staples,2022-06-27,122,42,5124
P003,Sugar,Staples,2022-07-04,126,42,5292
P003,Sugar,Staples,2022-07-11,123,42,5166
P003,Sugar,Staples,2022-07-18,129,42,5418
P003,Sugar,Staples,2022-07-25,129,42,5418
P003,Sugar,Staples,2022-08-01,119,42,4998
P003,Sugar,Staples,2022-08-08,124,42,5208
P003,Sugar,Staples,2022-08-15,138,42,5796
P003,Sugar,Staples,2022-08-22,124,42,5208
P003,Sugar,Staples,2022-08-29,119,42,4998
P003,Sugar,Staples,2022-09-05,132,42,5544
P003,Sugar,Staples,2022-09-12,128,42,5376
P003,Sugar,Staples,2022-09-19,139,42,5838
P003,Sugar,Staples,2022-09-26,137,42,5754
P003,Sugar,Staples,2022-10-03,171,42,7182
P003,Sugar,Staples,2022-10-10,169,42,7098
P003,Sugar,Staples,2022-10-17,170,42,7140
P003,Sugar,Staples,2022-10-24,176,42,7392
P003,Sugar,Staples,2022-10-31,171,42,7182
P003,Sugar,Staples,2022-11-07,185,42,7770
P003,Sugar,Staples,2022-11-14,169,42,7098
P003,Sugar,Staples,2022-11-21,156,42,6552
P003,Sugar,Staples,2022-11-28,183,42,7686
P003,Sugar,Staples,2022-12-05,118,42,4956
P003,Sugar,Staples,2022-12-12,137,42,5754
P003,Sugar,Staples,2022-12-19,128,42,5376
P003,Sugar,Staples,2022-12-26,122,42,5124
P003,Sugar,Staples,2023-01-02,116,42,4872
P003,Sugar,Staples,2023-01-09,112,42,4704
P003,Sugar,Staples,2023-01-16,133,42,5586
P003,Sugar,Staples,2023-01-23,123,42,5166
P003,Sugar,Staples,2023-01-30,140,42,5880
P003,Sugar,Staples,2023-02-06,125,42,5250
P003,Sugar,Staples,2023-02-13,130,42,5460
P003,Sugar,Staples,2023-02-20,122,42,5124
P003,Sugar,Staples,2023-02-27,135,42,5670
P003,Sugar,Staples,2023-03-06,139,42,5838
P003,Sugar,Staples,2023-03-13,130,42,5460
P003,Sugar,Staples,2023-03-20,127,42,5334
P003,Sugar,Staples,2023-03-27,120,42,5040
P003,Sugar,Staples,2023-04-03,137,42,5754
P003,Sugar,Staples,2023-04-10,134,42,5628
P003,Sugar,Staples,2023-04-17,117,42,4914
P003,Sugar,Staples,2023-04-24,115,42,4830
P003,Sugar,Staples,2023-05-01,127,42,5334
P003,Sugar,Staples,2023-05-08,134,42,5628
P003,Sugar,Staples,2023-05-15,112,42,4704
P003,Sugar,Staples,2023-05-22,111,42,4662
P003,Sugar,Staples,2023-05-29,123,42,5166
P003,Sugar,Staples,2023-06-05,117,42,4914
P003,Sugar,Staples,2023-06-12,136,42,5712
P003,Sugar,Staples,2023-06-19,115,42,4830
P003,Sugar,Staples,2023-06-26,135,42,5670
P003,Sugar,Staples,2023-07-03,131,42,5502
P003,Sugar,Staples,2023-07-10,138,42,5796
P003,Sugar,Staples,2023-07-17,112,42,4704
P003,Sugar,Staples,2023-07-24,136,42,5712
P003,Sugar,Staples,2023-07-31,133,42,5586
P003,Sugar,Staples,2023-08-07,116,42,4872
P003,Sugar,Staples,2023-08-14,132,42,5544
P003,Sugar,Staples,2023-08-21,118,42,4956
P003,Sugar,Staples,2023-08-28,138,42,5796
P003,Sugar,Staples,2023-09-04,124,42,5208
P003,Sugar,Staples,2023-09-11,137,42,5754
P003,Sugar,Staples,2023-09-18,128,42,5376
P003,Sugar,Staples,2023-09-25,122,42,5124
P003,Sugar,Staples,2023-10-02,161,42,6762
P003,Sugar,Staples,2023-10-09,159,42,6678
P003,Sugar,Staples,2023-10-16,152,42,6384
P003,Sugar,Staples,2023-10-23,174,42,7308
P003,Sugar,Staples,2023-10-30,179,42,7518
P003,Sugar,Staples,2023-11-06,165,42,6930
P003,Sugar,Staples,2023-11-13,164,42,6888
P003,Sugar,Staples,2023-11-20,167,42,7014
P003,Sugar,Staples,2023-11-27,184,42,7728
P003,Sugar,Staples,2023-12-04,116,42,4872
P003,Sugar,Staples,2023-12-11,118,42,4956
P003,Sugar,Staples,2023-12-18,136,42,5712
P003,Sugar,Staples,2023-12-25,139,42,5838
P003,Sugar,Staples,2024-01-01,125,42,5250
P003,Sugar,Staples,2024-01-08,118,42,4956
P003,Sugar,Staples,2024-01-15,113,42,4746
P003,Sugar,Staples,2024-01-22,134,42,5628
P003,Sugar,Staples,2024-01-29,126,42,5292
P003,Sugar,Staples,2024-02-05,134,42,5628
P003,Sugar,Staples,2024-02-12,135,42,5670
P003,Sugar,Staples,2024-02-19,114,42,4788
P003,Sugar,Staples,2024-02-26,135,42,5670
P003,Sugar,Staples,2024-03-04,129,42,5418
P003,Sugar,Staples,2024-03-11,122,42,5124
P003,Sugar,Staples,2024-03-18,112,42,4704
P003,Sugar,Staples,2024-03-25,118,42,4956
P003,Sugar,Staples,2024-04-01,132,42,5544
P003,Sugar,Staples,2024-04-08,116,42,4872
P003,Sugar,Staples,2024-04-15,133,42,5586
P003,Sugar,Staples,2024-04-22,131,42,5502
P003,Sugar,Staples,2024-04-29,124,42,5208
P003,Sugar,Staples,2024-05-06,115,42,4830
P003,Sugar,Staples,2024-05-13,120,42,5040
P003,Sugar,Staples,2024-05-20,120,42,5040
P003,Sugar,Staples,2024-05-27,134,42,5628
P003,Sugar,Staples,2024-06-03,135,42,5670
P003,Sugar,Staples,2024-06-10,134,42,5628
P003,Sugar,Staples,2024-06-17,140,42,5880
P003,Sugar,Staples,2024-06-24,130,42,5460
P003,Sugar,Staples,2024-07-01,112,42,4704
P003,Sugar,Staples,2024-07-08,134,42,5628
P003,Sugar,Staples,2024-07-15,114,42,4788
P003,Sugar,Staples,2024-07-22,113,42,4746
P003,Sugar,Staples,2024-07-29,132,42,5544
P003,Sugar,Staples,2024-08-05,123,42,5166
P003,Sugar,Staples,2024-08-12,114,42,4788
P003,Sugar,Staples,2024-08-19,121,42,5082
P003,Sugar,Staples,2024-08-26,121,42,5082
P003,Sugar,Staples,2024-09-02,129,42,5418
P003,Sugar,Staples,2024-09-09,120,42,5040
P003,Sugar,Staples,2024-09-16,127,42,5334
P003,Sugar,Staples,2024-09-23,136,42,5712
P003,Sugar,Staples,2024-09-30,127,42,5334
P003,Sugar,Staples,2024-10-07,164,42,6888
P003,Sugar,Staples,2024-10-14,181,42,7602
P003,Sugar,Staples,2024-10-21,174,42,7308
P003,Sugar,Staples,2024-10-28,168,42,7056
P003,Sugar,Staples,2024-11-04,175,42,7350
P003,Sugar,Staples,2024-11-11,172,42,7224
P003,Sugar,Staples,2024-11-18,183,42,7686
P003,Sugar,Staples,2024-11-25,158,42,6636
P003,Sugar,Staples,2024-12-02,122,42,5124
P003,Sugar,Staples,2024-12-09,132,42,5544
P003,Sugar,Staples,2024-12-16,133,42,5586
P003,Sugar,Staples,2024-12-23,123,42,5166
P003,Sugar,Staples,2024-12-30,131,42,5502
P004,Sunflower Oil,Cooking Essentials,2020-01-06,94,130,12220
P004,Sunflower Oil,Cooking Essentials,2020-01-13,78,130,10140
P004,Sunflower Oil,Cooking Essentials,2020-01-20,93,130,12090
P004,Sunflower Oil,Cooking Essentials,2020-01-27,69,130,8970
P004,Sunflower Oil,Cooking Essentials,2020-02-03,77,130,10010
P004,Sunflower Oil,Cooking Essentials,2020-02-10,68,130,8840
P004,Sunflower Oil,Cooking Essentials,2020-02-17,78,130,10140
P004,Sunflower Oil,Cooking Essentials,2020-02-24,77,130,10010
P004,Sunflower Oil,Cooking Essentials,2020-03-02,73,130,9490
P004,Sunflower Oil,Cooking Essentials,2020-03-09,85,130,11050
P004,Sunflower Oil,Cooking Essentials,2020-03-16,80,130,10400
P004,Sunflower Oil,Cooking Essentials,2020-03-23,91,130,11830
P004,Sunflower Oil,Cooking Essentials,2020-03-30,76,130,9880
P004,Sunflower Oil,Cooking Essentials,2020-04-06,74,130,9620
P004,Sunflower Oil,Cooking Essentials,2020-04-13,72,130,9360
P004,Sunflower Oil,Cooking Essentials,2020-04-20,80,130,10400
P004,Sunflower Oil,Cooking Essentials,2020-04-27,93,130,12090
P004,Sunflower Oil,Cooking Essentials,2020-05-04,81,130,10530
P004,Sunflower Oil,Cooking Essentials,2020-05-11,75,130,9750
P004,Sunflower Oil,Cooking Essentials,2020-05-18,89,130,11570
P004,Sunflower Oil,Cooking Essentials,2020-05-25,89,130,11570
P004,Sunflower Oil,Cooking Essentials,2020-06-01,79,130,10270
P004,Sunflower Oil,Cooking Essentials,2020-06-08,88,130,11440
P004,Sunflower Oil,Cooking Essentials,2020-06-15,84,130,10920
P004,Sunflower Oil,Cooking Essentials,2020-06-22,93,130,12090
P004,Sunflower Oil,Cooking Essentials,2020-06-29,72,130,9360
P004,Sunflower Oil,Cooking Essentials,2020-07-06,87,130,11310
P004,Sunflower Oil,Cooking Essentials,2020-07-13,76,130,9880
P004,Sunflower Oil,Cooking Essentials,2020-07-20,85,130,11050
P004,Sunflower Oil,Cooking Essentials,2020-07-27,82,130,10660
P004,Sunflower Oil,Cooking Essentials,2020-08-03,92,130,11960
P004,Sunflower Oil,Cooking Essentials,2020-08-10,67,130,8710
P004,Sunflower Oil,Cooking Essentials,2020-08-17,92,130,11960
P004,Sunflower Oil,Cooking Essentials,2020-08-24,81,130,10530
P004,Sunflower Oil,Cooking Essentials,2020-08-31,91,130,11830
P004,Sunflower Oil,Cooking Essentials,2020-09-07,85,130,11050
P004,Sunflower Oil,Cooking Essentials,2020-09-14,93,130,12090
P004,Sunflower Oil,Cooking Essentials,2020-09-21,91,130,11830
P004,Sunflower Oil,Cooking Essentials,2020-09-28,80,130,10400
P004,Sunflower Oil,Cooking Essentials,2020-10-05,119,130,15470
P004,Sunflower Oil,Cooking Essentials,2020-10-12,132,130,17160
P004,Sunflower Oil,Cooking Essentials,2020-10-19,105,130,13650
P004,Sunflower Oil,Cooking Essentials,2020-10-26,119,130,15470
P004,Sunflower Oil,Cooking Essentials,2020-11-02,101,130,13130
P004,Sunflower Oil,Cooking Essentials,2020-11-09,103,130,13390
P004,Sunflower Oil,Cooking Essentials,2020-11-16,115,130,14950
P004,Sunflower Oil,Cooking Essentials,2020-11-23,117,130,15210
P004,Sunflower Oil,Cooking Essentials,2020-11-30,126,130,16380
P004,Sunflower Oil,Cooking Essentials,2020-12-07,93,130,12090
P004,Sunflower Oil,Cooking Essentials,2020-12-14,78,130,10140
P004,Sunflower Oil,Cooking Essentials,2020-12-21,68,130,8840
P004,Sunflower Oil,Cooking Essentials,2020-12-28,94,130,12220
P004,Sunflower Oil,Cooking Essentials,2021-01-04,89,130,11570
P004,Sunflower Oil,Cooking Essentials,2021-01-11,68,130,8840
P004,Sunflower Oil,Cooking Essentials,2021-01-18,84,130,10920
P004,Sunflower Oil,Cooking Essentials,2021-01-25,66,130,8580
P004,Sunflower Oil,Cooking Essentials,2021-02-01,86,130,11180
P004,Sunflower Oil,Cooking Essentials,2021-02-08,88,130,11440
P004,Sunflower Oil,Cooking Essentials,2021-02-15,91,130,11830
P004,Sunflower Oil,Cooking Essentials,2021-02-22,85,130,11050
P004,Sunflower Oil,Cooking Essentials,2021-03-01,91,130,11830
P004,Sunflower Oil,Cooking Essentials,2021-03-08,94,130,12220
P004,Sunflower Oil,Cooking Essentials,2021-03-15,86,130,11180
P004,Sunflower Oil,Cooking Essentials,2021-03-22,82,130,10660
P004,Sunflower Oil,Cooking Essentials,2021-03-29,87,130,11310
P004,Sunflower Oil,Cooking Essentials,2021-04-05,88,130,11440
P004,Sunflower Oil,Cooking Essentials,2021-04-12,68,130,8840
P004,Sunflower Oil,Cooking Essentials,2021-04-19,93,130,12090
P004,Sunflower Oil,Cooking Essentials,2021-04-26,89,130,11570
P004,Sunflower Oil,Cooking Essentials,2021-05-03,90,130,11700
P004,Sunflower Oil,Cooking Essentials,2021-05-10,76,130,9880
P004,Sunflower Oil,Cooking Essentials,2021-05-17,86,130,11180
P004,Sunflower Oil,Cooking Essentials,2021-05-24,93,130,12090
P004,Sunflower Oil,Cooking Essentials,2021-05-31,74,130,9620
P004,Sunflower Oil,Cooking Essentials,2021-06-07,75,130,9750
P004,Sunflower Oil,Cooking Essentials,2021-06-14,88,130,11440
P004,Sunflower Oil,Cooking Essentials,2021-06-21,68,130,8840
P004,Sunflower Oil,Cooking Essentials,2021-06-28,79,130,10270
P004,Sunflower Oil,Cooking Essentials,2021-07-05,73,130,9490
P004,Sunflower Oil,Cooking Essentials,2021-07-12,70,130,9100
P004,Sunflower Oil,Cooking Essentials,2021-07-19,70,130,9100
P004,Sunflower Oil,Cooking Essentials,2021-07-26,84,130,10920
P004,Sunflower Oil,Cooking Essentials,2021-08-02,79,130,10270
P004,Sunflower Oil,Cooking Essentials,2021-08-09,82,130,10660
P004,Sunflower Oil,Cooking Essentials,2021-08-16,83,130,10790
P004,Sunflower Oil,Cooking Essentials,2021-08-23,78,130,10140
P004,Sunflower Oil,Cooking Essentials,2021-08-30,74,130,9620
P004,Sunflower Oil,Cooking Essentials,2021-09-06,87,130,11310
P004,Sunflower Oil,Cooking Essentials,2021-09-13,94,130,12220
P004,Sunflower Oil,Cooking Essentials,2021-09-20,72,130,9360
P004,Sunflower Oil,Cooking Essentials,2021-09-27,70,130,9100
P004,Sunflower Oil,Cooking Essentials,2021-10-04,100,130,13000
P004,Sunflower Oil,Cooking Essentials,2021-10-11,124,130,16120
P004,Sunflower Oil,Cooking Essentials,2021-10-18,109,130,14170
P004,Sunflower Oil,Cooking Essentials,2021-10-25,129,130,16770
P004,Sunflower Oil,Cooking Essentials,2021-11-01,108,130,14040
P004,Sunflower Oil,Cooking Essentials,2021-11-08,116,130,15080
P004,Sunflower Oil,Cooking Essentials,2021-11-15,124,130,16120
P004,Sunflower Oil,Cooking Essentials,2021-11-22,124,130,16120
P004,Sunflower Oil,Cooking Essentials,2021-11-29,128,130,16640
P004,Sunflower Oil,Cooking Essentials,2021-12-06,84,130,10920
P004,Sunflower Oil,Cooking Essentials,2021-12-13,68,130,8840
P004,Sunflower Oil,Cooking Essentials,2021-12-20,74,130,9620
P004,Sunflower Oil,Cooking Essentials,2021-12-27,65,130,8450
P004,Sunflower Oil,Cooking Essentials,2022-01-03,94,130,12220
P004,Sunflower Oil,Cooking Essentials,2022-01-10,81,130,10530
P004,Sunflower Oil,Cooking Essentials,2022-01-17,94,130,12220
P004,Sunflower Oil,Cooking Essentials,2022-01-24,84,130,10920
P004,Sunflower Oil,Cooking Essentials,2022-01-31,70,130,9100
P004,Sunflower Oil,Cooking Essentials,2022-02-07,67,130,8710
P004,Sunflower Oil,Cooking Essentials,2022-02-14,73,130,9490
P004,Sunflower Oil,Cooking Essentials,2022-02-21,69,130,8970
P004,Sunflower Oil,Cooking Essentials,2022-02-28,66,130,8580
P004,Sunflower Oil,Cooking Essentials,2022-03-07,89,130,11570
P004,Sunflower Oil,Cooking Essentials,2022-03-14,75,130,9750
P004,Sunflower Oil,Cooking Essentials,2022-03-21,74,130,9620
P004,Sunflower Oil,Cooking Essentials,2022-03-28,77,130,10010
P004,Sunflower Oil,Cooking Essentials,2022-04-04,87,130,11310
P004,Sunflower Oil,Cooking Essentials,2022-04-11,90,130,11700
P004,Sunflower Oil,Cooking Essentials,2022-04-18,84,130,10920
P004,Sunflower Oil,Cooking Essentials,2022-04-25,92,130,11960
P004,Sunflower Oil,Cooking Essentials,2022-05-02,68,130,8840
P004,Sunflower Oil,Cooking Essentials,2022-05-09,74,130,9620
P004,Sunflower Oil,Cooking Essentials,2022-05-16,83,130,10790
P004,Sunflower Oil,Cooking Essentials,2022-05-23,93,130,12090
P004,Sunflower Oil,Cooking Essentials,2022-05-30,76,130,9880
P004,Sunflower Oil,Cooking Essentials,2022-06-06,93,130,12090
P004,Sunflower Oil,Cooking Essentials,2022-06-13,90,130,11700
P004,Sunflower Oil,Cooking Essentials,2022-06-20,79,130,10270
P004,Sunflower Oil,Cooking Essentials,2022-06-27,84,130,10920
P004,Sunflower Oil,Cooking Essentials,2022-07-04,92,130,11960
P004,Sunflower Oil,Cooking Essentials,2022-07-11,77,130,10010
P004,Sunflower Oil,Cooking Essentials,2022-07-18,83,130,10790
P004,Sunflower Oil,Cooking Essentials,2022-07-25,88,130,11440
P004,Sunflower Oil,Cooking Essentials,2022-08-01,93,130,12090
P004,Sunflower Oil,Cooking Essentials,2022-08-08,69,130,8970
P004,Sunflower Oil,Cooking Essentials,2022-08-15,88,130,11440
P004,Sunflower Oil,Cooking Essentials,2022-08-22,83,130,10790
P004,Sunflower Oil,Cooking Essentials,2022-08-29,87,130,11310
P004,Sunflower Oil,Cooking Essentials,2022-09-05,68,130,8840
P004,Sunflower Oil,Cooking Essentials,2022-09-12,93,130,12090
P004,Sunflower Oil,Cooking Essentials,2022-09-19,71,130,9230
P004,Sunflower Oil,Cooking Essentials,2022-09-26,94,130,12220
P004,Sunflower Oil,Cooking Essentials,2022-10-03,130,130,16900
P004,Sunflower Oil,Cooking Essentials,2022-10-10,123,130,15990
P004,Sunflower Oil,Cooking Essentials,2022-10-17,141,130,18330
P004,Sunflower Oil,Cooking Essentials,2022-10-24,131,130,17030
P004,Sunflower Oil,Cooking Essentials,2022-10-31,138,130,17940
P004,Sunflower Oil,Cooking Essentials,2022-11-07,121,130,15730
P004,Sunflower Oil,Cooking Essentials,2022-11-14,125,130,16250
P004,Sunflower Oil,Cooking Essentials,2022-11-21,125,130,16250
P004,Sunflower Oil,Cooking Essentials,2022-11-28,114,130,14820
P004,Sunflower Oil,Cooking Essentials,2022-12-05,70,130,9100
P004,Sunflower Oil,Cooking Essentials,2022-12-12,89,130,11570
P004,Sunflower Oil,Cooking Essentials,2022-12-19,78,130,10140
P004,Sunflower Oil,Cooking Essentials,2022-12-26,82,130,10660
P004,Sunflower Oil,Cooking Essentials,2023-01-02,89,130,11570
P004,Sunflower Oil,Cooking Essentials,2023-01-09,73,130,9490
P004,Sunflower Oil,Cooking Essentials,2023-01-16,73,130,9490
P004,Sunflower Oil,Cooking Essentials,2023-01-23,84,130,10920
P004,Sunflower Oil,Cooking Essentials,2023-01-30,75,130,9750
P004,Sunflower Oil,Cooking Essentials,2023-02-06,77,130,10010
P004,Sunflower Oil,Cooking Essentials,2023-02-13,71,130,9230
P004,Sunflower Oil,Cooking Essentials,2023-02-20,76,130,9880
P004,Sunflower Oil,Cooking Essentials,2023-02-27,71,130,9230
P004,Sunflower Oil,Cooking Essentials,2023-03-06,70,130,9100
P004,Sunflower Oil,Cooking Essentials,2023-03-13,74,130,9620
P004,Sunflower Oil,Cooking Essentials,2023-03-20,66,130,8580
P004,Sunflower Oil,Cooking Essentials,2023-03-27,74,130,9620
P004,Sunflower Oil,Cooking Essentials,2023-04-03,81,130,10530
P004,Sunflower Oil,Cooking Essentials,2023-04-10,89,130,11570
P004,Sunflower Oil,Cooking Essentials,2023-04-17,66,130,8580
P004,Sunflower Oil,Cooking Essentials,2023-04-24,72,130,9360
P004,Sunflower Oil,Cooking Essentials,2023-05-01,80,130,10400
P004,Sunflower Oil,Cooking Essentials,2023-05-08,78,130,10140
P004,Sunflower Oil,Cooking Essentials,2023-05-15,69,130,8970
P004,Sunflower Oil,Cooking Essentials,2023-05-22,80,130,10400
P004,Sunflower Oil,Cooking Essentials,2023-05-29,72,130,9360
P004,Sunflower Oil,Cooking Essentials,2023-06-05,86,130,11180
P004,Sunflower Oil,Cooking Essentials,2023-06-12,93,130,12090
P004,Sunflower Oil,Cooking Essentials,2023-06-19,87,130,11310
P004,Sunflower Oil,Cooking Essentials,2023-06-26,93,130,12090
P004,Sunflower Oil,Cooking Essentials,2023-07-03,87,130,11310
P004,Sunflower Oil,Cooking Essentials,2023-07-10,75,130,9750
P004,Sunflower Oil,Cooking Essentials,2023-07-17,80,130,10400
P004,Sunflower Oil,Cooking Essentials,2023-07-24,76,130,9880
P004,Sunflower Oil,Cooking Essentials,2023-07-31,80,130,10400
P004,Sunflower Oil,Cooking Essentials,2023-08-07,74,130,9620
P004,Sunflower Oil,Cooking Essentials,2023-08-14,83,130,10790
P004,Sunflower Oil,Cooking Essentials,2023-08-21,67,130,8710
P004,Sunflower Oil,Cooking Essentials,2023-08-28,85,130,11050
P004,Sunflower Oil,Cooking Essentials,2023-09-04,90,130,11700
P004,Sunflower Oil,Cooking Essentials,2023-09-11,91,130,11830
P004,Sunflower Oil,Cooking Essentials,2023-09-18,84,130,10920
P004,Sunflower Oil,Cooking Essentials,2023-09-25,73,130,9490
P004,Sunflower Oil,Cooking Essentials,2023-10-02,136,130,17680
P004,Sunflower Oil,Cooking Essentials,2023-10-09,129,130,16770
P004,Sunflower Oil,Cooking Essentials,2023-10-16,113,130,14690
P004,Sunflower Oil,Cooking Essentials,2023-10-23,139,130,18070
P004,Sunflower Oil,Cooking Essentials,2023-10-30,111,130,14430
P004,Sunflower Oil,Cooking Essentials,2023-11-06,135,130,17550
P004,Sunflower Oil,Cooking Essentials,2023-11-13,134,130,17420
P004,Sunflower Oil,Cooking Essentials,2023-11-20,103,130,13390
P004,Sunflower Oil,Cooking Essentials,2023-11-27,99,130,12870
P004,Sunflower Oil,Cooking Essentials,2023-12-04,83,130,10790
P004,Sunflower Oil,Cooking Essentials,2023-12-11,85,130,11050
P004,Sunflower Oil,Cooking Essentials,2023-12-18,86,130,11180
P004,Sunflower Oil,Cooking Essentials,2023-12-25,82,130,10660
P004,Sunflower Oil,Cooking Essentials,2024-01-01,85,130,11050
P004,Sunflower Oil,Cooking Essentials,2024-01-08,65,130,8450
P004,Sunflower Oil,Cooking Essentials,2024-01-15,88,130,11440
P004,Sunflower Oil,Cooking Essentials,2024-01-22,67,130,8710
P004,Sunflower Oil,Cooking Essentials,2024-01-29,82,130,10660
P004,Sunflower Oil,Cooking Essentials,2024-02-05,65,130,8450
P004,Sunflower Oil,Cooking Essentials,2024-02-12,69,130,8970
P004,Sunflower Oil,Cooking Essentials,2024-02-19,70,130,9100
P004,Sunflower Oil,Cooking Essentials,2024-02-26,77,130,10010
P004,Sunflower Oil,Cooking Essentials,2024-03-04,78,130,10140
P004,Sunflower Oil,Cooking Essentials,2024-03-11,93,130,12090
P004,Sunflower Oil,Cooking Essentials,2024-03-18,88,130,11440
P004,Sunflower Oil,Cooking Essentials,2024-03-25,69,130,8970
P004,Sunflower Oil,Cooking Essentials,2024-04-01,77,130,10010
P004,Sunflower Oil,Cooking Essentials,2024-04-08,82,130,10660
P004,Sunflower Oil,Cooking Essentials,2024-04-15,72,130,9360
P004,Sunflower Oil,Cooking Essentials,2024-04-22,87,130,11310
P004,Sunflower Oil,Cooking Essentials,2024-04-29,67,130,8710
P004,Sunflower Oil,Cooking Essentials,2024-05-06,80,130,10400
P004,Sunflower Oil,Cooking Essentials,2024-05-13,66,130,8580
P004,Sunflower Oil,Cooking Essentials,2024-05-20,89,130,11570
P004,Sunflower Oil,Cooking Essentials,2024-05-27,65,130,8450
P004,Sunflower Oil,Cooking Essentials,2024-06-03,93,130,12090
P004,Sunflower Oil,Cooking Essentials,2024-06-10,69,130,8970
P004,Sunflower Oil,Cooking Essentials,2024-06-17,83,130,10790
P004,Sunflower Oil,Cooking Essentials,2024-06-24,67,130,8710
P004,Sunflower Oil,Cooking Essentials,2024-07-01,88,130,11440
P004,Sunflower Oil,Cooking Essentials,2024-07-08,66,130,8580
P004,Sunflower Oil,Cooking Essentials,2024-07-15,90,130,11700
P004,Sunflower Oil,Cooking Essentials,2024-07-22,76,130,9880
P004,Sunflower Oil,Cooking Essentials,2024-07-29,75,130,9750
P004,Sunflower Oil,Cooking Essentials,2024-08-05,68,130,8840
P004,Sunflower Oil,Cooking Essentials,2024-08-12,85,130,11050
P004,Sunflower Oil,Cooking Essentials,2024-08-19,88,130,11440
P004,Sunflower Oil,Cooking Essentials,2024-08-26,69,130,8970
P004,Sunflower Oil,Cooking Essentials,2024-09-02,78,130,10140
P004,Sunflower Oil,Cooking Essentials,2024-09-09,84,130,10920
P004,Sunflower Oil,Cooking Essentials,2024-09-16,81,130,10530
P004,Sunflower Oil,Cooking Essentials,2024-09-23,82,130,10660
P004,Sunflower Oil,Cooking Essentials,2024-09-30,73,130,9490
P004,Sunflower Oil,Cooking Essentials,2024-10-07,118,130,15340
P004,Sunflower Oil,Cooking Essentials,2024-10-14,118,130,15340
P004,Sunflower Oil,Cooking Essentials,2024-10-21,128,130,16640
P004,Sunflower Oil,Cooking Essentials,2024-10-28,127,130,16510
P004,Sunflower Oil,Cooking Essentials,2024-11-04,125,130,16250
P004,Sunflower Oil,Cooking Essentials,2024-11-11,102,130,13260
P004,Sunflower Oil,Cooking Essentials,2024-11-18,120,130,15600
P004,Sunflower Oil,Cooking Essentials,2024-11-25,115,130,14950
P004,Sunflower Oil,Cooking Essentials,2024-12-02,89,130,11570
P004,Sunflower Oil,Cooking Essentials,2024-12-09,80,130,10400
P004,Sunflower Oil,Cooking Essentials,2024-12-16,87,130,11310
P004,Sunflower Oil,Cooking Essentials,2024-12-23,76,130,9880
P004,Sunflower Oil,Cooking Essentials,2024-12-30,88,130,11440
P005,Milk,Dairy,2020-01-06,77,28,2156
P005,Milk,Dairy,2020-01-13,68,28,1904
P005,Milk,Dairy,2020-01-20,67,28,1876
P005,Milk,Dairy,2020-01-27,75,28,2100
P005,Milk,Dairy,2020-02-03,84,28,2352
P005,Milk,Dairy,2020-02-10,55,28,1540
P005,Milk,Dairy,2020-02-17,55,28,1540
P005,Milk,Dairy,2020-02-24,65,28,1820
P005,Milk,Dairy,2020-03-02,70,28,1960
P005,Milk,Dairy,2020-03-09,57,28,1596
P005,Milk,Dairy,2020-03-16,80,28,2240
P005,Milk,Dairy,2020-03-23,77,28,2156
P005,Milk,Dairy,2020-03-30,79,28,2212
P005,Milk,Dairy,2020-04-06,83,28,2324
P005,Milk,Dairy,2020-04-13,67,28,1876
P005,Milk,Dairy,2020-04-20,65,28,1820
P005,Milk,Dairy,2020-04-27,79,28,2212
P005,Milk,Dairy,2020-05-04,75,28,2100
P005,Milk,Dairy,2020-05-11,76,28,2128
P005,Milk,Dairy,2020-05-18,70,28,1960
P005,Milk,Dairy,2020-05-25,74,28,2072
P005,Milk,Dairy,2020-06-01,64,28,1792
P005,Milk,Dairy,2020-06-08,71,28,1988
P005,Milk,Dairy,2020-06-15,78,28,2184
P005,Milk,Dairy,2020-06-22,68,28,1904
P005,Milk,Dairy,2020-06-29,61,28,1708
P005,Milk,Dairy,2020-07-06,67,28,1876
P005,Milk,Dairy,2020-07-13,60,28,1680
P005,Milk,Dairy,2020-07-20,82,28,2296
P005,Milk,Dairy,2020-07-27,56,28,1568
P005,Milk,Dairy,2020-08-03,74,28,2072
P005,Milk,Dairy,2020-08-10,79,28,2212
P005,Milk,Dairy,2020-08-17,73,28,2044
P005,Milk,Dairy,2020-08-24,66,28,1848
P005,Milk,Dairy,2020-08-31,57,28,1596
P005,Milk,Dairy,2020-09-07,58,28,1624
P005,Milk,Dairy,2020-09-14,84,28,2352
P005,Milk,Dairy,2020-09-21,60,28,1680
P005,Milk,Dairy,2020-09-28,71,28,1988
P005,Milk,Dairy,2020-10-05,77,28,2156
P005,Milk,Dairy,2020-10-12,71,28,1988
P005,Milk,Dairy,2020-10-19,79,28,2212
P005,Milk,Dairy,2020-10-26,77,28,2156
P005,Milk,Dairy,2020-11-02,81,28,2268
P005,Milk,Dairy,2020-11-09,79,28,2212
P005,Milk,Dairy,2020-11-16,71,28,1988
P005,Milk,Dairy,2020-11-23,70,28,1960
P005,Milk,Dairy,2020-11-30,84,28,2352
P005,Milk,Dairy,2020-12-07,55,28,1540
P005,Milk,Dairy,2020-12-14,60,28,1680
P005,Milk,Dairy,2020-12-21,83,28,2324
P005,Milk,Dairy,2020-12-28,56,28,1568
P005,Milk,Dairy,2021-01-04,65,28,1820
P005,Milk,Dairy,2021-01-11,55,28,1540
P005,Milk,Dairy,2021-01-18,58,28,1624
P005,Milk,Dairy,2021-01-25,61,28,1708
P005,Milk,Dairy,2021-02-01,83,28,2324
P005,Milk,Dairy,2021-02-08,60,28,1680
P005,Milk,Dairy,2021-02-15,55,28,1540
P005,Milk,Dairy,2021-02-22,59,28,1652
P005,Milk,Dairy,2021-03-01,72,28,2016
P005,Milk,Dairy,2021-03-08,81,28,2268
P005,Milk,Dairy,2021-03-15,56,28,1568
P005,Milk,Dairy,2021-03-22,82,28,2296
P005,Milk,Dairy,2021-03-29,81,28,2268
P005,Milk,Dairy,2021-04-05,67,28,1876
P005,Milk,Dairy,2021-04-12,63,28,1764
P005,Milk,Dairy,2021-04-19,76,28,2128
P005,Milk,Dairy,2021-04-26,76,28,2128
P005,Milk,Dairy,2021-05-03,84,28,2352
P005,Milk,Dairy,2021-05-10,66,28,1848
P005,Milk,Dairy,2021-05-17,64,28,1792
P005,Milk,Dairy,2021-05-24,76,28,2128
P005,Milk,Dairy,2021-05-31,61,28,1708
P005,Milk,Dairy,2021-06-07,77,28,2156
P005,Milk,Dairy,2021-06-14,84,28,2352
P005,Milk,Dairy,2021-06-21,71,28,1988
P005,Milk,Dairy,2021-06-28,57,28,1596
P005,Milk,Dairy,2021-07-05,80,28,2240
P005,Milk,Dairy,2021-07-12,77,28,2156
P005,Milk,Dairy,2021-07-19,82,28,2296
P005,Milk,Dairy,2021-07-26,81,28,2268
P005,Milk,Dairy,2021-08-02,59,28,1652
P005,Milk,Dairy,2021-08-09,79,28,2212
P005,Milk,Dairy,2021-08-16,77,28,2156
P005,Milk,Dairy,2021-08-23,77,28,2156
P005,Milk,Dairy,2021-08-30,73,28,2044
P005,Milk,Dairy,2021-09-06,77,28,2156
P005,Milk,Dairy,2021-09-13,72,28,2016
P005,Milk,Dairy,2021-09-20,61,28,1708
P005,Milk,Dairy,2021-09-27,69,28,1932
P005,Milk,Dairy,2021-10-04,79,28,2212
P005,Milk,Dairy,2021-10-11,74,28,2072
P005,Milk,Dairy,2021-10-18,63,28,1764
P005,Milk,Dairy,2021-10-25,56,28,1568
P005,Milk,Dairy,2021-11-01,64,28,1792
P005,Milk,Dairy,2021-11-08,78,28,2184
P005,Milk,Dairy,2021-11-15,78,28,2184
P005,Milk,Dairy,2021-11-22,67,28,1876
P005,Milk,Dairy,2021-11-29,83,28,2324
P005,Milk,Dairy,2021-12-06,60,28,1680
P005,Milk,Dairy,2021-12-13,80,28,2240
P005,Milk,Dairy,2021-12-20,66,28,1848
P005,Milk,Dairy,2021-12-27,61,28,1708
P005,Milk,Dairy,2022-01-03,83,28,2324
P005,Milk,Dairy,2022-01-10,64,28,1792
P005,Milk,Dairy,2022-01-17,76,28,2128
P005,Milk,Dairy,2022-01-24,72,28,2016
P005,Milk,Dairy,2022-01-31,77,28,2156
P005,Milk,Dairy,2022-02-07,63,28,1764
P005,Milk,Dairy,2022-02-14,73,28,2044
P005,Milk,Dairy,2022-02-21,62,28,1736
P005,Milk,Dairy,2022-02-28,79,28,2212
P005,Milk,Dairy,2022-03-07,61,28,1708
P005,Milk,Dairy,2022-03-14,55,28,1540
P005,Milk,Dairy,2022-03-21,60,28,1680
P005,Milk,Dairy,2022-03-28,82,28,2296
P005,Milk,Dairy,2022-04-04,57,28,1596
P005,Milk,Dairy,2022-04-11,73,28,2044
P005,Milk,Dairy,2022-04-18,77,28,2156
P005,Milk,Dairy,2022-04-25,74,28,2072
P005,Milk,Dairy,2022-05-02,63,28,1764
P005,Milk,Dairy,2022-05-09,57,28,1596
P005,Milk,Dairy,2022-05-16,77,28,2156
P005,Milk,Dairy,2022-05-23,70,28,1960
P005,Milk,Dairy,2022-05-30,84,28,2352
P005,Milk,Dairy,2022-06-06,58,28,1624
P005,Milk,Dairy,2022-06-13,60,28,1680
P005,Milk,Dairy,2022-06-20,71,28,1988
P005,Milk,Dairy,2022-06-27,56,28,1568
P005,Milk,Dairy,2022-07-04,58,28,1624
P005,Milk,Dairy,2022-07-11,84,28,2352
P005,Milk,Dairy,2022-07-18,66,28,1848
P005,Milk,Dairy,2022-07-25,55,28,1540
P005,Milk,Dairy,2022-08-01,63,28,1764
P005,Milk,Dairy,2022-08-08,79,28,2212
P005,Milk,Dairy,2022-08-15,79,28,2212
P005,Milk,Dairy,2022-08-22,68,28,1904
P005,Milk,Dairy,2022-08-29,79,28,2212
P005,Milk,Dairy,2022-09-05,61,28,1708
P005,Milk,Dairy,2022-09-12,76,28,2128
P005,Milk,Dairy,2022-09-19,67,28,1876
P005,Milk,Dairy,2022-09-26,68,28,1904
P005,Milk,Dairy,2022-10-03,67,28,1876
P005,Milk,Dairy,2022-10-10,78,28,2184
P005,Milk,Dairy,2022-10-17,63,28,1764
P005,Milk,Dairy,2022-10-24,81,28,2268
P005,Milk,Dairy,2022-10-31,73,28,2044
P005,Milk,Dairy,2022-11-07,81,28,2268
P005,Milk,Dairy,2022-11-14,78,28,2184
P005,Milk,Dairy,2022-11-21,62,28,1736
P005,Milk,Dairy,2022-11-28,68,28,1904
P005,Milk,Dairy,2022-12-05,83,28,2324
P005,Milk,Dairy,2022-12-12,71,28,1988
P005,Milk,Dairy,2022-12-19,67,28,1876
P005,Milk,Dairy,2022-12-26,66,28,1848
P005,Milk,Dairy,2023-01-02,76,28,2128
P005,Milk,Dairy,2023-01-09,75,28,2100
P005,Milk,Dairy,2023-01-16,66,28,1848
P005,Milk,Dairy,2023-01-23,74,28,2072
P005,Milk,Dairy,2023-01-30,66,28,1848
P005,Milk,Dairy,2023-02-06,82,28,2296
P005,Milk,Dairy,2023-02-13,80,28,2240
P005,Milk,Dairy,2023-02-20,57,28,1596
P005,Milk,Dairy,2023-02-27,62,28,1736
P005,Milk,Dairy,2023-03-06,75,28,2100
P005,Milk,Dairy,2023-03-13,70,28,1960
P005,Milk,Dairy,2023-03-20,58,28,1624
P005,Milk,Dairy,2023-03-27,81,28,2268
P005,Milk,Dairy,2023-04-03,81,28,2268
P005,Milk,Dairy,2023-04-10,78,28,2184
P005,Milk,Dairy,2023-04-17,82,28,2296
P005,Milk,Dairy,2023-04-24,57,28,1596
P005,Milk,Dairy,2023-05-01,80,28,2240
P005,Milk,Dairy,2023-05-08,75,28,2100
P005,Milk,Dairy,2023-05-15,60,28,1680
P005,Milk,Dairy,2023-05-22,56,28,1568
P005,Milk,Dairy,2023-05-29,58,28,1624
P005,Milk,Dairy,2023-06-05,58,28,1624
P005,Milk,Dairy,2023-06-12,80,28,2240
P005,Milk,Dairy,2023-06-19,80,28,2240
P005,Milk,Dairy,2023-06-26,60,28,1680
P005,Milk,Dairy,2023-07-03,56,28,1568
P005,Milk,Dairy,2023-07-10,72,28,2016
P005,Milk,Dairy,2023-07-17,65,28,1820
P005,Milk,Dairy,2023-07-24,59,28,1652
P005,Milk,Dairy,2023-07-31,55,28,1540
P005,Milk,Dairy,2023-08-07,74,28,2072
P005,Milk,Dairy,2023-08-14,57,28,1596
P005,Milk,Dairy,2023-08-21,56,28,1568
P005,Milk,Dairy,2023-08-28,66,28,1848
P005,Milk,Dairy,2023-09-04,56,28,1568
P005,Milk,Dairy,2023-09-11,76,28,2128
P005,Milk,Dairy,2023-09-18,80,28,2240
P005,Milk,Dairy,2023-09-25,73,28,2044
P005,Milk,Dairy,2023-10-02,58,28,1624
P005,Milk,Dairy,2023-10-09,84,28,2352
P005,Milk,Dairy,2023-10-16,63,28,1764
P005,Milk,Dairy,2023-10-23,77,28,2156
P005,Milk,Dairy,2023-10-30,75,28,2100
P005,Milk,Dairy,2023-11-06,80,28,2240
P005,Milk,Dairy,2023-11-13,67,28,1876
P005,Milk,Dairy,2023-11-20,65,28,1820
P005,Milk,Dairy,2023-11-27,78,28,2184
P005,Milk,Dairy,2023-12-04,69,28,1932
P005,Milk,Dairy,2023-12-11,75,28,2100
P005,Milk,Dairy,2023-12-18,81,28,2268
P005,Milk,Dairy,2023-12-25,58,28,1624
P005,Milk,Dairy,2024-01-01,84,28,2352
P005,Milk,Dairy,2024-01-08,63,28,1764
P005,Milk,Dairy,2024-01-15,67,28,1876
P005,Milk,Dairy,2024-01-22,55,28,1540
P005,Milk,Dairy,2024-01-29,62,28,1736
P005,Milk,Dairy,2024-02-05,78,28,2184
P005,Milk,Dairy,2024-02-12,75,28,2100
P005,Milk,Dairy,2024-02-19,70,28,1960
P005,Milk,Dairy,2024-02-26,73,28,2044
P005,Milk,Dairy,2024-03-04,62,28,1736
P005,Milk,Dairy,2024-03-11,61,28,1708
P005,Milk,Dairy,2024-03-18,77,28,2156
P005,Milk,Dairy,2024-03-25,68,28,1904
P005,Milk,Dairy,2024-04-01,56,28,1568
P005,Milk,Dairy,2024-04-08,77,28,2156
P005,Milk,Dairy,2024-04-15,79,28,2212
P005,Milk,Dairy,2024-04-22,77,28,2156
P005,Milk,Dairy,2024-04-29,80,28,2240
P005,Milk,Dairy,2024-05-06,78,28,2184
P005,Milk,Dairy,2024-05-13,65,28,1820
P005,Milk,Dairy,2024-05-20,55,28,1540
P005,Milk,Dairy,2024-05-27,57,28,1596
P005,Milk,Dairy,2024-06-03,58,28,1624
P005,Milk,Dairy,2024-06-10,56,28,1568
P005,Milk,Dairy,2024-06-17,71,28,1988
P005,Milk,Dairy,2024-06-24,69,28,1932
P005,Milk,Dairy,2024-07-01,79,28,2212
P005,Milk,Dairy,2024-07-08,71,28,1988
P005,Milk,Dairy,2024-07-15,60,28,1680
P005,Milk,Dairy,2024-07-22,70,28,1960
P005,Milk,Dairy,2024-07-29,80,28,2240
P005,Milk,Dairy,2024-08-05,78,28,2184
P005,Milk,Dairy,2024-08-12,70,28,1960
P005,Milk,Dairy,2024-08-19,73,28,2044
P005,Milk,Dairy,2024-08-26,75,28,2100
P005,Milk,Dairy,2024-09-02,77,28,2156
P005,Milk,Dairy,2024-09-09,76,28,2128
P005,Milk,Dairy,2024-09-16,58,28,1624
P005,Milk,Dairy,2024-09-23,72,28,2016
P005,Milk,Dairy,2024-09-30,62,28,1736
P005,Milk,Dairy,2024-10-07,66,28,1848
P005,Milk,Dairy,2024-10-14,57,28,1596
P005,Milk,Dairy,2024-10-21,60,28,1680
P005,Milk,Dairy,2024-10-28,63,28,1764
P005,Milk,Dairy,2024-11-04,80,28,2240
P005,Milk,Dairy,2024-11-11,61,28,1708
P005,Milk,Dairy,2024-11-18,73,28,2044
P005,Milk,Dairy,2024-11-25,79,28,2212
P005,Milk,Dairy,2024-12-02,60,28,1680
P005,Milk,Dairy,2024-12-09,81,28,2268
P005,Milk,Dairy,2024-12-16,77,28,2156
P005,Milk,Dairy,2024-12-23,63,28,1764
P005,Milk,Dairy,2024-12-30,73,28,2044
P006,Namkeen,Snacks,2020-01-06,92,60,5520
P006,Namkeen,Snacks,2020-01-13,107,60,6420
P006,Namkeen,Snacks,2020-01-20,95,60,5700
P006,Namkeen,Snacks,2020-01-27,102,60,6120
P006,Namkeen,Snacks,2020-02-03,93,60,5580
P006,Namkeen,Snacks,2020-02-10,118,60,7080
P006,Namkeen,Snacks,2020-02-17,98,60,5880
P006,Namkeen,Snacks,2020-02-24,111,60,6660
P006,Namkeen,Snacks,2020-03-02,103,60,6180
P006,Namkeen,Snacks,2020-03-09,103,60,6180
P006,Namkeen,Snacks,2020-03-16,115,60,6900
P006,Namkeen,Snacks,2020-03-23,104,60,6240
P006,Namkeen,Snacks,2020-03-30,119,60,7140
P006,Namkeen,Snacks,2020-04-06,103,60,6180
P006,Namkeen,Snacks,2020-04-13,108,60,6480
P006,Namkeen,Snacks,2020-04-20,103,60,6180
P006,Namkeen,Snacks,2020-04-27,104,60,6240
P006,Namkeen,Snacks,2020-05-04,99,60,5940
P006,Namkeen,Snacks,2020-05-11,110,60,6600
P006,Namkeen,Snacks,2020-05-18,109,60,6540
P006,Namkeen,Snacks,2020-05-25,103,60,6180
P006,Namkeen,Snacks,2020-06-01,94,60,5640
P006,Namkeen,Snacks,2020-06-08,117,60,7020
P006,Namkeen,Snacks,2020-06-15,107,60,6420
P006,Namkeen,Snacks,2020-06-22,92,60,5520
P006,Namkeen,Snacks,2020-06-29,119,60,7140
P006,Namkeen,Snacks,2020-07-06,119,60,7140
P006,Namkeen,Snacks,2020-07-13,105,60,6300
P006,Namkeen,Snacks,2020-07-20,100,60,6000
P006,Namkeen,Snacks,2020-07-27,118,60,7080
P006,Namkeen,Snacks,2020-08-03,112,60,6720
P006,Namkeen,Snacks,2020-08-10,105,60,6300
P006,Namkeen,Snacks,2020-08-17,97,60,5820
P006,Namkeen,Snacks,2020-08-24,91,60,5460
P006,Namkeen,Snacks,2020-08-31,103,60,6180
P006,Namkeen,Snacks,2020-09-07,109,60,6540
P006,Namkeen,Snacks,2020-09-14,113,60,6780
P006,Namkeen,Snacks,2020-09-21,117,60,7020
P006,Namkeen,Snacks,2020-09-28,106,60,6360
P006,Namkeen,Snacks,2020-10-05,143,60,8580
P006,Namkeen,Snacks,2020-10-12,134,60,8040
P006,Namkeen,Snacks,2020-10-19,157,60,9420
P006,Namkeen,Snacks,2020-10-26,141,60,8460
P006,Namkeen,Snacks,2020-11-02,153,60,9180
P006,Namkeen,Snacks,2020-11-09,125,60,7500
P006,Namkeen,Snacks,2020-11-16,158,60,9480
P006,Namkeen,Snacks,2020-11-23,155,60,9300
P006,Namkeen,Snacks,2020-11-30,157,60,9420
P006,Namkeen,Snacks,2020-12-07,97,60,5820
P006,Namkeen,Snacks,2020-12-14,91,60,5460
P006,Namkeen,Snacks,2020-12-21,96,60,5760
P006,Namkeen,Snacks,2020-12-28,95,60,5700
P006,Namkeen,Snacks,2021-01-04,111,60,6660
P006,Namkeen,Snacks,2021-01-11,103,60,6180
P006,Namkeen,Snacks,2021-01-18,98,60,5880
P006,Namkeen,Snacks,2021-01-25,104,60,6240
P006,Namkeen,Snacks,2021-02-01,115,60,6900
P006,Namkeen,Snacks,2021-02-08,116,60,6960
P006,Namkeen,Snacks,2021-02-15,96,60,5760
P006,Namkeen,Snacks,2021-02-22,95,60,5700
P006,Namkeen,Snacks,2021-03-01,104,60,6240
P006,Namkeen,Snacks,2021-03-08,107,60,6420
P006,Namkeen,Snacks,2021-03-15,111,60,6660
P006,Namkeen,Snacks,2021-03-22,111,60,6660
P006,Namkeen,Snacks,2021-03-29,108,60,6480
P006,Namkeen,Snacks,2021-04-05,108,60,6480
P006,Namkeen,Snacks,2021-04-12,93,60,5580
P006,Namkeen,Snacks,2021-04-19,93,60,5580
P006,Namkeen,Snacks,2021-04-26,104,60,6240
P006,Namkeen,Snacks,2021-05-03,95,60,5700
P006,Namkeen,Snacks,2021-05-10,119,60,7140
P006,Namkeen,Snacks,2021-05-17,93,60,5580
P006,Namkeen,Snacks,2021-05-24,119,60,7140
P006,Namkeen,Snacks,2021-05-31,111,60,6660
P006,Namkeen,Snacks,2021-06-07,102,60,6120
P006,Namkeen,Snacks,2021-06-14,108,60,6480
P006,Namkeen,Snacks,2021-06-21,104,60,6240
P006,Namkeen,Snacks,2021-06-28,115,60,6900
P006,Namkeen,Snacks,2021-07-05,105,60,6300
P006,Namkeen,Snacks,2021-07-12,91,60,5460
P006,Namkeen,Snacks,2021-07-19,106,60,6360
P006,Namkeen,Snacks,2021-07-26,98,60,5880
P006,Namkeen,Snacks,2021-08-02,94,60,5640
P006,Namkeen,Snacks,2021-08-09,109,60,6540
P006,Namkeen,Snacks,2021-08-16,105,60,6300
P006,Namkeen,Snacks,2021-08-23,115,60,6900
P006,Namkeen,Snacks,2021-08-30,97,60,5820
P006,Namkeen,Snacks,2021-09-06,101,60,6060
P006,Namkeen,Snacks,2021-09-13,99,60,5940
P006,Namkeen,Snacks,2021-09-20,103,60,6180
P006,Namkeen,Snacks,2021-09-27,114,60,6840
P006,Namkeen,Snacks,2021-10-04,152,60,9120
P006,Namkeen,Snacks,2021-10-11,141,60,8460
P006,Namkeen,Snacks,2021-10-18,161,60,9660
P006,Namkeen,Snacks,2021-10-25,149,60,8940
P006,Namkeen,Snacks,2021-11-01,143,60,8580
P006,Namkeen,Snacks,2021-11-08,156,60,9360
P006,Namkeen,Snacks,2021-11-15,145,60,8700
P006,Namkeen,Snacks,2021-11-22,129,60,7740
P006,Namkeen,Snacks,2021-11-29,137,60,8220
P006,Namkeen,Snacks,2021-12-06,113,60,6780
P006,Namkeen,Snacks,2021-12-13,108,60,6480
P006,Namkeen,Snacks,2021-12-20,108,60,6480
P006,Namkeen,Snacks,2021-12-27,91,60,5460
P006,Namkeen,Snacks,2022-01-03,118,60,7080
P006,Namkeen,Snacks,2022-01-10,110,60,6600
P006,Namkeen,Snacks,2022-01-17,91,60,5460
P006,Namkeen,Snacks,2022-01-24,93,60,5580
P006,Namkeen,Snacks,2022-01-31,112,60,6720
P006,Namkeen,Snacks,2022-02-07,92,60,5520
P006,Namkeen,Snacks,2022-02-14,101,60,6060
P006,Namkeen,Snacks,2022-02-21,93,60,5580
P006,Namkeen,Snacks,2022-02-28,92,60,5520
P006,Namkeen,Snacks,2022-03-07,114,60,6840
P006,Namkeen,Snacks,2022-03-14,101,60,6060
P006,Namkeen,Snacks,2022-03-21,91,60,5460
P006,Namkeen,Snacks,2022-03-28,104,60,6240
P006,Namkeen,Snacks,2022-04-04,104,60,6240
P006,Namkeen,Snacks,2022-04-11,104,60,6240
P006,Namkeen,Snacks,2022-04-18,118,60,7080
P006,Namkeen,Snacks,2022-04-25,115,60,6900
P006,Namkeen,Snacks,2022-05-02,95,60,5700
P006,Namkeen,Snacks,2022-05-09,109,60,6540
P006,Namkeen,Snacks,2022-05-16,110,60,6600
P006,Namkeen,Snacks,2022-05-23,120,60,7200
P006,Namkeen,Snacks,2022-05-30,118,60,7080
P006,Namkeen,Snacks,2022-06-06,99,60,5940
P006,Namkeen,Snacks,2022-06-13,97,60,5820
P006,Namkeen,Snacks,2022-06-20,92,60,5520
P006,Namkeen,Snacks,2022-06-27,92,60,5520
P006,Namkeen,Snacks,2022-07-04,108,60,6480
P006,Namkeen,Snacks,2022-07-11,112,60,6720
P006,Namkeen,Snacks,2022-07-18,114,60,6840
P006,Namkeen,Snacks,2022-07-25,108,60,6480
P006,Namkeen,Snacks,2022-08-01,108,60,6480
P006,Namkeen,Snacks,2022-08-08,119,60,7140
P006,Namkeen,Snacks,2022-08-15,120,60,7200
P006,Namkeen,Snacks,2022-08-22,119,60,7140
P006,Namkeen,Snacks,2022-08-29,93,60,5580
P006,Namkeen,Snacks,2022-09-05,107,60,6420
P006,Namkeen,Snacks,2022-09-12,92,60,5520
P006,Namkeen,Snacks,2022-09-19,97,60,5820
P006,Namkeen,Snacks,2022-09-26,104,60,6240
P006,Namkeen,Snacks,2022-10-03,166,60,9960
P006,Namkeen,Snacks,2022-10-10,139,60,8340
P006,Namkeen,Snacks,2022-10-17,143,60,8580
P006,Namkeen,Snacks,2022-10-24,144,60,8640
P006,Namkeen,Snacks,2022-10-31,149,60,8940
P006,Namkeen,Snacks,2022-11-07,127,60,7620
P006,Namkeen,Snacks,2022-11-14,160,60,9600
P006,Namkeen,Snacks,2022-11-21,150,60,9000
P006,Namkeen,Snacks,2022-11-28,143,60,8580
P006,Namkeen,Snacks,2022-12-05,118,60,7080
P006,Namkeen,Snacks,2022-12-12,93,60,5580
P006,Namkeen,Snacks,2022-12-19,98,60,5880
P006,Namkeen,Snacks,2022-12-26,100,60,6000
P006,Namkeen,Snacks,2023-01-02,104,60,6240
P006,Namkeen,Snacks,2023-01-09,101,60,6060
P006,Namkeen,Snacks,2023-01-16,104,60,6240
P006,Namkeen,Snacks,2023-01-23,119,60,7140
P006,Namkeen,Snacks,2023-01-30,106,60,6360
P006,Namkeen,Snacks,2023-02-06,119,60,7140
P006,Namkeen,Snacks,2023-02-13,100,60,6000
P006,Namkeen,Snacks,2023-02-20,108,60,6480
P006,Namkeen,Snacks,2023-02-27,93,60,5580
P006,Namkeen,Snacks,2023-03-06,92,60,5520
P006,Namkeen,Snacks,2023-03-13,116,60,6960
P006,Namkeen,Snacks,2023-03-20,104,60,6240
P006,Namkeen,Snacks,2023-03-27,97,60,5820
P006,Namkeen,Snacks,2023-04-03,106,60,6360
P006,Namkeen,Snacks,2023-04-10,95,60,5700
P006,Namkeen,Snacks,2023-04-17,105,60,6300
P006,Namkeen,Snacks,2023-04-24,109,60,6540
P006,Namkeen,Snacks,2023-05-01,112,60,6720
P006,Namkeen,Snacks,2023-05-08,119,60,7140
P006,Namkeen,Snacks,2023-05-15,111,60,6660
P006,Namkeen,Snacks,2023-05-22,104,60,6240
P006,Namkeen,Snacks,2023-05-29,114,60,6840
P006,Namkeen,Snacks,2023-06-05,97,60,5820
P006,Namkeen,Snacks,2023-06-12,92,60,5520
P006,Namkeen,Snacks,2023-06-19,93,60,5580
P006,Namkeen,Snacks,2023-06-26,92,60,5520
P006,Namkeen,Snacks,2023-07-03,111,60,6660
P006,Namkeen,Snacks,2023-07-10,93,60,5580
P006,Namkeen,Snacks,2023-07-17,100,60,6000
P006,Namkeen,Snacks,2023-07-24,107,60,6420
P006,Namkeen,Snacks,2023-07-31,116,60,6960
P006,Namkeen,Snacks,2023-08-07,109,60,6540
P006,Namkeen,Snacks,2023-08-14,114,60,6840
P006,Namkeen,Snacks,2023-08-21,91,60,5460
P006,Namkeen,Snacks,2023-08-28,99,60,5940
P006,Namkeen,Snacks,2023-09-04,113,60,6780
P006,Namkeen,Snacks,2023-09-11,103,60,6180
P006,Namkeen,Snacks,2023-09-18,103,60,6180
P006,Namkeen,Snacks,2023-09-25,107,60,6420
P006,Namkeen,Snacks,2023-10-02,129,60,7740
P006,Namkeen,Snacks,2023-10-09,153,60,9180
P006,Namkeen,Snacks,2023-10-16,151,60,9060
P006,Namkeen,Snacks,2023-10-23,160,60,9600
P006,Namkeen,Snacks,2023-10-30,134,60,8040
P006,Namkeen,Snacks,2023-11-06,155,60,9300
P006,Namkeen,Snacks,2023-11-13,165,60,9900
P006,Namkeen,Snacks,2023-11-20,134,60,8040
P006,Namkeen,Snacks,2023-11-27,143,60,8580
P006,Namkeen,Snacks,2023-12-04,115,60,6900
P006,Namkeen,Snacks,2023-12-11,94,60,5640
P006,Namkeen,Snacks,2023-12-18,113,60,6780
P006,Namkeen,Snacks,2023-12-25,115,60,6900
P006,Namkeen,Snacks,2024-01-01,102,60,6120
P006,Namkeen,Snacks,2024-01-08,103,60,6180
P006,Namkeen,Snacks,2024-01-15,100,60,6000
P006,Namkeen,Snacks,2024-01-22,111,60,6660
P006,Namkeen,Snacks,2024-01-29,113,60,6780
P006,Namkeen,Snacks,2024-02-05,96,60,5760
P006,Namkeen,Snacks,2024-02-12,105,60,6300
P006,Namkeen,Snacks,2024-02-19,103,60,6180
P006,Namkeen,Snacks,2024-02-26,108,60,6480
P006,Namkeen,Snacks,2024-03-04,105,60,6300
P006,Namkeen,Snacks,2024-03-11,109,60,6540
P006,Namkeen,Snacks,2024-03-18,96,60,5760
P006,Namkeen,Snacks,2024-03-25,117,60,7020
P006,Namkeen,Snacks,2024-04-01,101,60,6060
P006,Namkeen,Snacks,2024-04-08,119,60,7140
P006,Namkeen,Snacks,2024-04-15,116,60,6960
P006,Namkeen,Snacks,2024-04-22,99,60,5940
P006,Namkeen,Snacks,2024-04-29,112,60,6720
P006,Namkeen,Snacks,2024-05-06,100,60,6000
P006,Namkeen,Snacks,2024-05-13,109,60,6540
P006,Namkeen,Snacks,2024-05-20,102,60,6120
P006,Namkeen,Snacks,2024-05-27,108,60,6480
P006,Namkeen,Snacks,2024-06-03,93,60,5580
P006,Namkeen,Snacks,2024-06-10,112,60,6720
P006,Namkeen,Snacks,2024-06-17,118,60,7080
P006,Namkeen,Snacks,2024-06-24,92,60,5520
P006,Namkeen,Snacks,2024-07-01,112,60,6720
P006,Namkeen,Snacks,2024-07-08,91,60,5460
P006,Namkeen,Snacks,2024-07-15,115,60,6900
P006,Namkeen,Snacks,2024-07-22,104,60,6240
P006,Namkeen,Snacks,2024-07-29,114,60,6840
P006,Namkeen,Snacks,2024-08-05,112,60,6720
P006,Namkeen,Snacks,2024-08-12,120,60,7200
P006,Namkeen,Snacks,2024-08-19,99,60,5940
P006,Namkeen,Snacks,2024-08-26,115,60,6900
P006,Namkeen,Snacks,2024-09-02,93,60,5580
P006,Namkeen,Snacks,2024-09-09,97,60,5820
P006,Namkeen,Snacks,2024-09-16,119,60,7140
P006,Namkeen,Snacks,2024-09-23,93,60,5580
P006,Namkeen,Snacks,2024-09-30,106,60,6360
P006,Namkeen,Snacks,2024-10-07,142,60,8520
P006,Namkeen,Snacks,2024-10-14,142,60,8520
P006,Namkeen,Snacks,2024-10-21,164,60,9840
P006,Namkeen,Snacks,2024-10-28,144,60,8640
P006,Namkeen,Snacks,2024-11-04,135,60,8100
P006,Namkeen,Snacks,2024-11-11,129,60,7740
P006,Namkeen,Snacks,2024-11-18,140,60,8400
P006,Namkeen,Snacks,2024-11-25,147,60,8820
P006,Namkeen,Snacks,2024-12-02,98,60,5880
P006,Namkeen,Snacks,2024-12-09,98,60,5880
P006,Namkeen,Snacks,2024-12-16,95,60,5700
P006,Namkeen,Snacks,2024-12-23,98,60,5880
P006,Namkeen,Snacks,2024-12-30,106,60,6360
P007,Soft Drinks,Beverages,2020-01-06,93,40,3720
P007,Soft Drinks,Beverages,2020-01-13,95,40,3800
P007,Soft Drinks,Beverages,2020-01-20,71,40,2840
P007,Soft Drinks,Beverages,2020-01-27,80,40,3200
P007,Soft Drinks,Beverages,2020-02-03,84,40,3360
P007,Soft Drinks,Beverages,2020-02-10,75,40,3000
P007,Soft Drinks,Beverages,2020-02-17,71,40,2840
P007,Soft Drinks,Beverages,2020-02-24,83,40,3320
P007,Soft Drinks,Beverages,2020-03-02,92,40,3680
P007,Soft Drinks,Beverages,2020-03-09,74,40,2960
P007,Soft Drinks,Beverages,2020-03-16,85,40,3400
P007,Soft Drinks,Beverages,2020-03-23,81,40,3240
P007,Soft Drinks,Beverages,2020-03-30,84,40,3360
P007,Soft Drinks,Beverages,2020-04-06,127,40,5080
P007,Soft Drinks,Beverages,2020-04-13,124,40,4960
P007,Soft Drinks,Beverages,2020-04-20,122,40,4880
P007,Soft Drinks,Beverages,2020-04-27,115,40,4600
P007,Soft Drinks,Beverages,2020-05-04,139,40,5560
P007,Soft Drinks,Beverages,2020-05-11,139,40,5560
P007,Soft Drinks,Beverages,2020-05-18,153,40,6120
P007,Soft Drinks,Beverages,2020-05-25,142,40,5680
P007,Soft Drinks,Beverages,2020-06-01,116,40,4640
P007,Soft Drinks,Beverages,2020-06-08,127,40,5080
P007,Soft Drinks,Beverages,2020-06-15,118,40,4720
P007,Soft Drinks,Beverages,2020-06-22,118,40,4720
P007,Soft Drinks,Beverages,2020-06-29,138,40,5520
P007,Soft Drinks,Beverages,2020-07-06,76,40,3040
P007,Soft Drinks,Beverages,2020-07-13,98,40,3920
P007,Soft Drinks,Beverages,2020-07-20,80,40,3200
P007,Soft Drinks,Beverages,2020-07-27,79,40,3160
P007,Soft Drinks,Beverages,2020-08-03,88,40,3520
P007,Soft Drinks,Beverages,2020-08-10,86,40,3440
P007,Soft Drinks,Beverages,2020-08-17,85,40,3400
P007,Soft Drinks,Beverages,2020-08-24,78,40,3120
P007,Soft Drinks,Beverages,2020-08-31,72,40,2880
P007,Soft Drinks,Beverages,2020-09-07,82,40,3280
P007,Soft Drinks,Beverages,2020-09-14,81,40,3240
P007,Soft Drinks,Beverages,2020-09-21,84,40,3360
P007,Soft Drinks,Beverages,2020-09-28,96,40,3840
P007,Soft Drinks,Beverages,2020-10-05,91,40,3640
P007,Soft Drinks,Beverages,2020-10-12,77,40,3080
P007,Soft Drinks,Beverages,2020-10-19,90,40,3600
P007,Soft Drinks,Beverages,2020-10-26,82,40,3280
P007,Soft Drinks,Beverages,2020-11-02,91,40,3640
P007,Soft Drinks,Beverages,2020-11-09,76,40,3040
P007,Soft Drinks,Beverages,2020-11-16,75,40,3000
P007,Soft Drinks,Beverages,2020-11-23,81,40,3240
P007,Soft Drinks,Beverages,2020-11-30,99,40,3960
P007,Soft Drinks,Beverages,2020-12-07,70,40,2800
P007,Soft Drinks,Beverages,2020-12-14,82,40,3280
P007,Soft Drinks,Beverages,2020-12-21,87,40,3480
P007,Soft Drinks,Beverages,2020-12-28,82,40,3280
P007,Soft Drinks,Beverages,2021-01-04,89,40,3560
P007,Soft Drinks,Beverages,2021-01-11,88,40,3520
P007,Soft Drinks,Beverages,2021-01-18,88,40,3520
P007,Soft Drinks,Beverages,2021-01-25,74,40,2960
P007,Soft Drinks,Beverages,2021-02-01,72,40,2880
P007,Soft Drinks,Beverages,2021-02-08,70,40,2800
P007,Soft Drinks,Beverages,2021-02-15,76,40,3040
P007,Soft Drinks,Beverages,2021-02-22,97,40,3880
P007,Soft Drinks,Beverages,2021-03-01,80,40,3200
P007,Soft Drinks,Beverages,2021-03-08,82,40,3280
P007,Soft Drinks,Beverages,2021-03-15,82,40,3280
P007,Soft Drinks,Beverages,2021-03-22,84,40,3360
P007,Soft Drinks,Beverages,2021-03-29,70,40,2800
P007,Soft Drinks,Beverages,2021-04-05,141,40,5640
P007,Soft Drinks,Beverages,2021-04-12,146,40,5840
P007,Soft Drinks,Beverages,2021-04-19,131,40,5240
P007,Soft Drinks,Beverages,2021-04-26,115,40,4600
P007,Soft Drinks,Beverages,2021-05-03,130,40,5200
P007,Soft Drinks,Beverages,2021-05-10,124,40,4960
P007,Soft Drinks,Beverages,2021-05-17,113,40,4520
P007,Soft Drinks,Beverages,2021-05-24,133,40,5320
P007,Soft Drinks,Beverages,2021-05-31,137,40,5480
P007,Soft Drinks,Beverages,2021-06-07,135,40,5400
P007,Soft Drinks,Beverages,2021-06-14,122,40,4880
P007,Soft Drinks,Beverages,2021-06-21,155,40,6200
P007,Soft Drinks,Beverages,2021-06-28,125,40,5000
P007,Soft Drinks,Beverages,2021-07-05,86,40,3440
P007,Soft Drinks,Beverages,2021-07-12,72,40,2880
P007,Soft Drinks,Beverages,2021-07-19,73,40,2920
P007,Soft Drinks,Beverages,2021-07-26,83,40,3320
P007,Soft Drinks,Beverages,2021-08-02,85,40,3400
P007,Soft Drinks,Beverages,2021-08-09,79,40,3160
P007,Soft Drinks,Beverages,2021-08-16,86,40,3440
P007,Soft Drinks,Beverages,2021-08-23,87,40,3480
P007,Soft Drinks,Beverages,2021-08-30,99,40,3960
P007,Soft Drinks,Beverages,2021-09-06,97,40,3880
P007,Soft Drinks,Beverages,2021-09-13,91,40,3640
P007,Soft Drinks,Beverages,2021-09-20,70,40,2800
P007,Soft Drinks,Beverages,2021-09-27,98,40,3920
P007,Soft Drinks,Beverages,2021-10-04,82,40,3280
P007,Soft Drinks,Beverages,2021-10-11,70,40,2800
P007,Soft Drinks,Beverages,2021-10-18,95,40,3800
P007,Soft Drinks,Beverages,2021-10-25,88,40,3520
P007,Soft Drinks,Beverages,2021-11-01,73,40,2920
P007,Soft Drinks,Beverages,2021-11-08,98,40,3920
P007,Soft Drinks,Beverages,2021-11-15,97,40,3880
P007,Soft Drinks,Beverages,2021-11-22,95,40,3800
P007,Soft Drinks,Beverages,2021-11-29,88,40,3520
P007,Soft Drinks,Beverages,2021-12-06,87,40,3480
P007,Soft Drinks,Beverages,2021-12-13,80,40,3200
P007,Soft Drinks,Beverages,2021-12-20,73,40,2920
P007,Soft Drinks,Beverages,2021-12-27,87,40,3480
P007,Soft Drinks,Beverages,2022-01-03,98,40,3920
P007,Soft Drinks,Beverages,2022-01-10,75,40,3000
P007,Soft Drinks,Beverages,2022-01-17,86,40,3440
P007,Soft Drinks,Beverages,2022-01-24,74,40,2960
P007,Soft Drinks,Beverages,2022-01-31,94,40,3760
P007,Soft Drinks,Beverages,2022-02-07,93,40,3720
P007,Soft Drinks,Beverages,2022-02-14,85,40,3400
P007,Soft Drinks,Beverages,2022-02-21,89,40,3560
P007,Soft Drinks,Beverages,2022-02-28,70,40,2800
P007,Soft Drinks,Beverages,2022-03-07,77,40,3080
P007,Soft Drinks,Beverages,2022-03-14,93,40,3720
P007,Soft Drinks,Beverages,2022-03-21,92,40,3680
P007,Soft Drinks,Beverages,2022-03-28,82,40,3280
P007,Soft Drinks,Beverages,2022-04-04,133,40,5320
P007,Soft Drinks,Beverages,2022-04-11,150,40,6000
P007,Soft Drinks,Beverages,2022-04-18,131,40,5240
P007,Soft Drinks,Beverages,2022-04-25,133,40,5320
P007,Soft Drinks,Beverages,2022-05-02,145,40,5800
P007,Soft Drinks,Beverages,2022-05-09,124,40,4960
P007,Soft Drinks,Beverages,2022-05-16,146,40,5840
P007,Soft Drinks,Beverages,2022-05-23,137,40,5480
P007,Soft Drinks,Beverages,2022-05-30,127,40,5080
P007,Soft Drinks,Beverages,2022-06-06,149,40,5960
P007,Soft Drinks,Beverages,2022-06-13,136,40,5440
P007,Soft Drinks,Beverages,2022-06-20,147,40,5880
P007,Soft Drinks,Beverages,2022-06-27,130,40,5200
P007,Soft Drinks,Beverages,2022-07-04,99,40,3960
P007,Soft Drinks,Beverages,2022-07-11,80,40,3200
P007,Soft Drinks,Beverages,2022-07-18,96,40,3840
P007,Soft Drinks,Beverages,2022-07-25,78,40,3120
P007,Soft Drinks,Beverages,2022-08-01,77,40,3080
P007,Soft Drinks,Beverages,2022-08-08,85,40,3400
P007,Soft Drinks,Beverages,2022-08-15,89,40,3560
P007,Soft Drinks,Beverages,2022-08-22,71,40,2840
P007,Soft Drinks,Beverages,2022-08-29,78,40,3120
P007,Soft Drinks,Beverages,2022-09-05,74,40,2960
P007,Soft Drinks,Beverages,2022-09-12,83,40,3320
P007,Soft Drinks,Beverages,2022-09-19,75,40,3000
P007,Soft Drinks,Beverages,2022-09-26,76,40,3040
P007,Soft Drinks,Beverages,2022-10-03,78,40,3120
P007,Soft Drinks,Beverages,2022-10-10,97,40,3880
P007,Soft Drinks,Beverages,2022-10-17,76,40,3040
P007,Soft Drinks,Beverages,2022-10-24,82,40,3280
P007,Soft Drinks,Beverages,2022-10-31,82,40,3280
P007,Soft Drinks,Beverages,2022-11-07,75,40,3000
P007,Soft Drinks,Beverages,2022-11-14,83,40,3320
P007,Soft Drinks,Beverages,2022-11-21,95,40,3800
P007,Soft Drinks,Beverages,2022-11-28,91,40,3640
P007,Soft Drinks,Beverages,2022-12-05,84,40,3360
P007,Soft Drinks,Beverages,2022-12-12,78,40,3120
P007,Soft Drinks,Beverages,2022-12-19,70,40,2800
P007,Soft Drinks,Beverages,2022-12-26,70,40,2800
P007,Soft Drinks,Beverages,2023-01-02,79,40,3160
P007,Soft Drinks,Beverages,2023-01-09,94,40,3760
P007,Soft Drinks,Beverages,2023-01-16,70,40,2800
P007,Soft Drinks,Beverages,2023-01-23,78,40,3120
P007,Soft Drinks,Beverages,2023-01-30,89,40,3560
P007,Soft Drinks,Beverages,2023-02-06,73,40,2920
P007,Soft Drinks,Beverages,2023-02-13,74,40,2960
P007,Soft Drinks,Beverages,2023-02-20,76,40,3040
P007,Soft Drinks,Beverages,2023-02-27,75,40,3000
P007,Soft Drinks,Beverages,2023-03-06,87,40,3480
P007,Soft Drinks,Beverages,2023-03-13,98,40,3920
P007,Soft Drinks,Beverages,2023-03-20,75,40,3000
P007,Soft Drinks,Beverages,2023-03-27,77,40,3080
P007,Soft Drinks,Beverages,2023-04-03,145,40,5800
P007,Soft Drinks,Beverages,2023-04-10,151,40,6040
P007,Soft Drinks,Beverages,2023-04-17,132,40,5280
P007,Soft Drinks,Beverages,2023-04-24,133,40,5320
P007,Soft Drinks,Beverages,2023-05-01,130,40,5200
P007,Soft Drinks,Beverages,2023-05-08,123,40,4920
P007,Soft Drinks,Beverages,2023-05-15,134,40,5360
P007,Soft Drinks,Beverages,2023-05-22,155,40,6200
P007,Soft Drinks,Beverages,2023-05-29,134,40,5360
P007,Soft Drinks,Beverages,2023-06-05,128,40,5120
P007,Soft Drinks,Beverages,2023-06-12,130,40,5200
P007,Soft Drinks,Beverages,2023-06-19,145,40,5800
P007,Soft Drinks,Beverages,2023-06-26,138,40,5520
P007,Soft Drinks,Beverages,2023-07-03,72,40,2880
P007,Soft Drinks,Beverages,2023-07-10,74,40,2960
P007,Soft Drinks,Beverages,2023-07-17,89,40,3560
P007,Soft Drinks,Beverages,2023-07-24,76,40,3040
P007,Soft Drinks,Beverages,2023-07-31,80,40,3200
P007,Soft Drinks,Beverages,2023-08-07,89,40,3560
P007,Soft Drinks,Beverages,2023-08-14,95,40,3800
P007,Soft Drinks,Beverages,2023-08-21,79,40,3160
P007,Soft Drinks,Beverages,2023-08-28,91,40,3640
P007,Soft Drinks,Beverages,2023-09-04,95,40,3800
P007,Soft Drinks,Beverages,2023-09-11,87,40,3480
P007,Soft Drinks,Beverages,2023-09-18,75,40,3000
P007,Soft Drinks,Beverages,2023-09-25,93,40,3720
P007,Soft Drinks,Beverages,2023-10-02,77,40,3080
P007,Soft Drinks,Beverages,2023-10-09,85,40,3400
P007,Soft Drinks,Beverages,2023-10-16,85,40,3400
P007,Soft Drinks,Beverages,2023-10-23,88,40,3520
P007,Soft Drinks,Beverages,2023-10-30,95,40,3800
P007,Soft Drinks,Beverages,2023-11-06,78,40,3120
P007,Soft Drinks,Beverages,2023-11-13,91,40,3640
P007,Soft Drinks,Beverages,2023-11-20,70,40,2800
P007,Soft Drinks,Beverages,2023-11-27,85,40,3400
P007,Soft Drinks,Beverages,2023-12-04,88,40,3520
P007,Soft Drinks,Beverages,2023-12-11,84,40,3360
P007,Soft Drinks,Beverages,2023-12-18,80,40,3200
P007,Soft Drinks,Beverages,2023-12-25,94,40,3760
P007,Soft Drinks,Beverages,2024-01-01,82,40,3280
P007,Soft Drinks,Beverages,2024-01-08,80,40,3200
P007,Soft Drinks,Beverages,2024-01-15,71,40,2840
P007,Soft Drinks,Beverages,2024-01-22,78,40,3120
P007,Soft Drinks,Beverages,2024-01-29,84,40,3360
P007,Soft Drinks,Beverages,2024-02-05,72,40,2880
P007,Soft Drinks,Beverages,2024-02-12,98,40,3920
P007,Soft Drinks,Beverages,2024-02-19,89,40,3560
P007,Soft Drinks,Beverages,2024-02-26,99,40,3960
P007,Soft Drinks,Beverages,2024-03-04,70,40,2800
P007,Soft Drinks,Beverages,2024-03-11,91,40,3640
P007,Soft Drinks,Beverages,2024-03-18,96,40,3840
P007,Soft Drinks,Beverages,2024-03-25,82,40,3280
P007,Soft Drinks,Beverages,2024-04-01,123,40,4920
P007,Soft Drinks,Beverages,2024-04-08,140,40,5600
P007,Soft Drinks,Beverages,2024-04-15,136,40,5440
P007,Soft Drinks,Beverages,2024-04-22,140,40,5600
P007,Soft Drinks,Beverages,2024-04-29,132,40,5280
P007,Soft Drinks,Beverages,2024-05-06,138,40,5520
P007,Soft Drinks,Beverages,2024-05-13,151,40,6040
P007,Soft Drinks,Beverages,2024-05-20,129,40,5160
P007,Soft Drinks,Beverages,2024-05-27,124,40,4960
P007,Soft Drinks,Beverages,2024-06-03,141,40,5640
P007,Soft Drinks,Beverages,2024-06-10,126,40,5040
P007,Soft Drinks,Beverages,2024-06-17,156,40,6240
P007,Soft Drinks,Beverages,2024-06-24,139,40,5560
P007,Soft Drinks,Beverages,2024-07-01,78,40,3120
P007,Soft Drinks,Beverages,2024-07-08,71,40,2840
P007,Soft Drinks,Beverages,2024-07-15,72,40,2880
P007,Soft Drinks,Beverages,2024-07-22,90,40,3600
P007,Soft Drinks,Beverages,2024-07-29,76,40,3040
P007,Soft Drinks,Beverages,2024-08-05,83,40,3320
P007,Soft Drinks,Beverages,2024-08-12,95,40,3800
P007,Soft Drinks,Beverages,2024-08-19,89,40,3560
P007,Soft Drinks,Beverages,2024-08-26,87,40,3480
P007,Soft Drinks,Beverages,2024-09-02,82,40,3280
P007,Soft Drinks,Beverages,2024-09-09,93,40,3720
P007,Soft Drinks,Beverages,2024-09-16,78,40,3120
P007,Soft Drinks,Beverages,2024-09-23,82,40,3280
P007,Soft Drinks,Beverages,2024-09-30,75,40,3000
P007,Soft Drinks,Beverages,2024-10-07,72,40,2880
P007,Soft Drinks,Beverages,2024-10-14,97,40,3880
P007,Soft Drinks,Beverages,2024-10-21,71,40,2840
P007,Soft Drinks,Beverages,2024-10-28,81,40,3240
P007,Soft Drinks,Beverages,2024-11-04,89,40,3560
P007,Soft Drinks,Beverages,2024-11-11,89,40,3560
P007,Soft Drinks,Beverages,2024-11-18,93,40,3720
P007,Soft Drinks,Beverages,2024-11-25,95,40,3800
P007,Soft Drinks,Beverages,2024-12-02,71,40,2840
P007,Soft Drinks,Beverages,2024-12-09,93,40,3720
P007,Soft Drinks,Beverages,2024-12-16,79,40,3160
P007,Soft Drinks,Beverages,2024-12-23,94,40,3760
P007,Soft Drinks,Beverages,2024-12-30,71,40,2840
P008,Toor Dal,Pulses,2020-01-06,178,90,16020
P008,Toor Dal,Pulses,2020-01-13,184,90,16560
P008,Toor Dal,Pulses,2020-01-20,180,90,16200
P008,Toor Dal,Pulses,2020-01-27,182,90,16380
P008,Toor Dal,Pulses,2020-02-03,180,90,16200
P008,Toor Dal,Pulses,2020-02-10,169,90,15210
P008,Toor Dal,Pulses,2020-02-17,181,90,16290
P008,Toor Dal,Pulses,2020-02-24,186,90,16740
P008,Toor Dal,Pulses,2020-03-02,149,90,13410
P008,Toor Dal,Pulses,2020-03-09,157,90,14130
P008,Toor Dal,Pulses,2020-03-16,146,90,13140
P008,Toor Dal,Pulses,2020-03-23,138,90,12420
P008,Toor Dal,Pulses,2020-03-30,156,90,14040
P008,Toor Dal,Pulses,2020-04-06,138,90,12420
P008,Toor Dal,Pulses,2020-04-13,139,90,12510
P008,Toor Dal,Pulses,2020-04-20,155,90,13950
P008,Toor Dal,Pulses,2020-04-27,144,90,12960
P008,Toor Dal,Pulses,2020-05-04,135,90,12150
P008,Toor Dal,Pulses,2020-05-11,134,90,12060
P008,Toor Dal,Pulses,2020-05-18,145,90,13050
P008,Toor Dal,Pulses,2020-05-25,150,90,13500
P008,Toor Dal,Pulses,2020-06-01,130,90,11700
P008,Toor Dal,Pulses,2020-06-08,144,90,12960
P008,Toor Dal,Pulses,2020-06-15,144,90,12960
P008,Toor Dal,Pulses,2020-06-22,138,90,12420
P008,Toor Dal,Pulses,2020-06-29,131,90,11790
P008,Toor Dal,Pulses,2020-07-06,142,90,12780
P008,Toor Dal,Pulses,2020-07-13,147,90,13230
P008,Toor Dal,Pulses,2020-07-20,143,90,12870
P008,Toor Dal,Pulses,2020-07-27,142,90,12780
P008,Toor Dal,Pulses,2020-08-03,146,90,13140
P008,Toor Dal,Pulses,2020-08-10,128,90,11520
P008,Toor Dal,Pulses,2020-08-17,145,90,13050
P008,Toor Dal,Pulses,2020-08-24,129,90,11610
P008,Toor Dal,Pulses,2020-08-31,151,90,13590
P008,Toor Dal,Pulses,2020-09-07,142,90,12780
P008,Toor Dal,Pulses,2020-09-14,142,90,12780
P008,Toor Dal,Pulses,2020-09-21,139,90,12510
P008,Toor Dal,Pulses,2020-09-28,150,90,13500
P008,Toor Dal,Pulses,2020-10-05,142,90,12780
P008,Toor Dal,Pulses,2020-10-12,142,90,12780
P008,Toor Dal,Pulses,2020-10-19,131,90,11790
P008,Toor Dal,Pulses,2020-10-26,149,90,13410
P008,Toor Dal,Pulses,2020-11-02,130,90,11700
P008,Toor Dal,Pulses,2020-11-09,151,90,13590
P008,Toor Dal,Pulses,2020-11-16,129,90,11610
P008,Toor Dal,Pulses,2020-11-23,147,90,13230
P008,Toor Dal,Pulses,2020-11-30,129,90,11610
P008,Toor Dal,Pulses,2020-12-07,141,90,12690
P008,Toor Dal,Pulses,2020-12-14,132,90,11880
P008,Toor Dal,Pulses,2020-12-21,150,90,13500
P008,Toor Dal,Pulses,2020-12-28,139,90,12510
P008,Toor Dal,Pulses,2021-01-04,183,90,16470
P008,Toor Dal,Pulses,2021-01-11,183,90,16470
P008,Toor Dal,Pulses,2021-01-18,160,90,14400
P008,Toor Dal,Pulses,2021-01-25,177,90,15930
P008,Toor Dal,Pulses,2021-02-01,152,90,13680
P008,Toor Dal,Pulses,2021-02-08,175,90,15750
P008,Toor Dal,Pulses,2021-02-15,175,90,15750
P008,Toor Dal,Pulses,2021-02-22,172,90,15480
P008,Toor Dal,Pulses,2021-03-01,131,90,11790
P008,Toor Dal,Pulses,2021-03-08,148,90,13320
P008,Toor Dal,Pulses,2021-03-15,130,90,11700
P008,Toor Dal,Pulses,2021-03-22,130,90,11700
P008,Toor Dal,Pulses,2021-03-29,138,90,12420
P008,Toor Dal,Pulses,2021-04-05,136,90,12240
P008,Toor Dal,Pulses,2021-04-12,147,90,13230
P008,Toor Dal,Pulses,2021-04-19,145,90,13050
P008,Toor Dal,Pulses,2021-04-26,142,90,12780
P008,Toor Dal,Pulses,2021-05-03,148,90,13320
P008,Toor Dal,Pulses,2021-05-10,150,90,13500
P008,Toor Dal,Pulses,2021-05-17,147,90,13230
P008,Toor Dal,Pulses,2021-05-24,128,90,11520
P008,Toor Dal,Pulses,2021-05-31,132,90,11880
P008,Toor Dal,Pulses,2021-06-07,140,90,12600
P008,Toor Dal,Pulses,2021-06-14,147,90,13230
P008,Toor Dal,Pulses,2021-06-21,135,90,12150
P008,Toor Dal,Pulses,2021-06-28,149,90,13410
P008,Toor Dal,Pulses,2021-07-05,148,90,13320
P008,Toor Dal,Pulses,2021-07-12,137,90,12330
P008,Toor Dal,Pulses,2021-07-19,142,90,12780
P008,Toor Dal,Pulses,2021-07-26,152,90,13680
P008,Toor Dal,Pulses,2021-08-02,130,90,11700
P008,Toor Dal,Pulses,2021-08-09,138,90,12420
P008,Toor Dal,Pulses,2021-08-16,149,90,13410
P008,Toor Dal,Pulses,2021-08-23,144,90,12960
P008,Toor Dal,Pulses,2021-08-30,141,90,12690
P008,Toor Dal,Pulses,2021-09-06,142,90,12780
P008,Toor Dal,Pulses,2021-09-13,155,90,13950
P008,Toor Dal,Pulses,2021-09-20,157,90,14130
P008,Toor Dal,Pulses,2021-09-27,144,90,12960
P008,Toor Dal,Pulses,2021-10-04,138,90,12420
P008,Toor Dal,Pulses,2021-10-11,144,90,12960
P008,Toor Dal,Pulses,2021-10-18,134,90,12060
P008,Toor Dal,Pulses,2021-10-25,154,90,13860
P008,Toor Dal,Pulses,2021-11-01,140,90,12600
P008,Toor Dal,Pulses,2021-11-08,140,90,12600
P008,Toor Dal,Pulses,2021-11-15,147,90,13230
P008,Toor Dal,Pulses,2021-11-22,135,90,12150
P008,Toor Dal,Pulses,2021-11-29,153,90,13770
P008,Toor Dal,Pulses,2021-12-06,144,90,12960
P008,Toor Dal,Pulses,2021-12-13,135,90,12150
P008,Toor Dal,Pulses,2021-12-20,128,90,11520
P008,Toor Dal,Pulses,2021-12-27,132,90,11880
P008,Toor Dal,Pulses,2022-01-03,184,90,16560
P008,Toor Dal,Pulses,2022-01-10,188,90,16920
P008,Toor Dal,Pulses,2022-01-17,190,90,17100
P008,Toor Dal,Pulses,2022-01-24,157,90,14130
P008,Toor Dal,Pulses,2022-01-31,182,90,16380
P008,Toor Dal,Pulses,2022-02-07,179,90,16110
P008,Toor Dal,Pulses,2022-02-14,172,90,15480
P008,Toor Dal,Pulses,2022-02-21,173,90,15570
P008,Toor Dal,Pulses,2022-02-28,162,90,14580
P008,Toor Dal,Pulses,2022-03-07,131,90,11790
P008,Toor Dal,Pulses,2022-03-14,139,90,12510
P008,Toor Dal,Pulses,2022-03-21,139,90,12510
P008,Toor Dal,Pulses,2022-03-28,139,90,12510
P008,Toor Dal,Pulses,2022-04-04,154,90,13860
P008,Toor Dal,Pulses,2022-04-11,154,90,13860
P008,Toor Dal,Pulses,2022-04-18,129,90,11610
P008,Toor Dal,Pulses,2022-04-25,130,90,11700
P008,Toor Dal,Pulses,2022-05-02,137,90,12330
P008,Toor Dal,Pulses,2022-05-09,144,90,12960
P008,Toor Dal,Pulses,2022-05-16,155,90,13950
P008,Toor Dal,Pulses,2022-05-23,137,90,12330
P008,Toor Dal,Pulses,2022-05-30,139,90,12510
P008,Toor Dal,Pulses,2022-06-06,144,90,12960
P008,Toor Dal,Pulses,2022-06-13,129,90,11610
P008,Toor Dal,Pulses,2022-06-20,137,90,12330
P008,Toor Dal,Pulses,2022-06-27,152,90,13680
P008,Toor Dal,Pulses,2022-07-04,134,90,12060
P008,Toor Dal,Pulses,2022-07-11,137,90,12330
P008,Toor Dal,Pulses,2022-07-18,146,90,13140
P008,Toor Dal,Pulses,2022-07-25,141,90,12690
P008,Toor Dal,Pulses,2022-08-01,153,90,13770
P008,Toor Dal,Pulses,2022-08-08,155,90,13950
P008,Toor Dal,Pulses,2022-08-15,131,90,11790
P008,Toor Dal,Pulses,2022-08-22,151,90,13590
P008,Toor Dal,Pulses,2022-08-29,138,90,12420
P008,Toor Dal,Pulses,2022-09-05,137,90,12330
P008,Toor Dal,Pulses,2022-09-12,128,90,11520
P008,Toor Dal,Pulses,2022-09-19,147,90,13230
P008,Toor Dal,Pulses,2022-09-26,135,90,12150
P008,Toor Dal,Pulses,2022-10-03,144,90,12960
P008,Toor Dal,Pulses,2022-10-10,143,90,12870
P008,Toor Dal,Pulses,2022-10-17,145,90,13050
P008,Toor Dal,Pulses,2022-10-24,153,90,13770
P008,Toor Dal,Pulses,2022-10-31,140,90,12600
P008,Toor Dal,Pulses,2022-11-07,154,90,13860
P008,Toor Dal,Pulses,2022-11-14,150,90,13500
P008,Toor Dal,Pulses,2022-11-21,134,90,12060
P008,Toor Dal,Pulses,2022-11-28,153,90,13770
P008,Toor Dal,Pulses,2022-12-05,147,90,13230
P008,Toor Dal,Pulses,2022-12-12,131,90,11790
P008,Toor Dal,Pulses,2022-12-19,141,90,12690
P008,Toor Dal,Pulses,2022-12-26,146,90,13140
P008,Toor Dal,Pulses,2023-01-02,184,90,16560
P008,Toor Dal,Pulses,2023-01-09,156,90,14040
P008,Toor Dal,Pulses,2023-01-16,156,90,14040
P008,Toor Dal,Pulses,2023-01-23,173,90,15570
P008,Toor Dal,Pulses,2023-01-30,172,90,15480
P008,Toor Dal,Pulses,2023-02-06,179,90,16110
P008,Toor Dal,Pulses,2023-02-13,180,90,16200
P008,Toor Dal,Pulses,2023-02-20,180,90,16200
P008,Toor Dal,Pulses,2023-02-27,174,90,15660
P008,Toor Dal,Pulses,2023-03-06,157,90,14130
P008,Toor Dal,Pulses,2023-03-13,139,90,12510
P008,Toor Dal,Pulses,2023-03-20,146,90,13140
P008,Toor Dal,Pulses,2023-03-27,129,90,11610
P008,Toor Dal,Pulses,2023-04-03,148,90,13320
P008,Toor Dal,Pulses,2023-04-10,148,90,13320
P008,Toor Dal,Pulses,2023-04-17,156,90,14040
P008,Toor Dal,Pulses,2023-04-24,136,90,12240
P008,Toor Dal,Pulses,2023-05-01,153,90,13770
P008,Toor Dal,Pulses,2023-05-08,138,90,12420
P008,Toor Dal,Pulses,2023-05-15,134,90,12060
P008,Toor Dal,Pulses,2023-05-22,152,90,13680
P008,Toor Dal,Pulses,2023-05-29,146,90,13140
P008,Toor Dal,Pulses,2023-06-05,132,90,11880
P008,Toor Dal,Pulses,2023-06-12,144,90,12960
P008,Toor Dal,Pulses,2023-06-19,138,90,12420
P008,Toor Dal,Pulses,2023-06-26,128,90,11520
P008,Toor Dal,Pulses,2023-07-03,148,90,13320
P008,Toor Dal,Pulses,2023-07-10,155,90,13950
P008,Toor Dal,Pulses,2023-07-17,142,90,12780
P008,Toor Dal,Pulses,2023-07-24,132,90,11880
P008,Toor Dal,Pulses,2023-07-31,142,90,12780
P008,Toor Dal,Pulses,2023-08-07,141,90,12690
P008,Toor Dal,Pulses,2023-08-14,129,90,11610
P008,Toor Dal,Pulses,2023-08-21,157,90,14130
P008,Toor Dal,Pulses,2023-08-28,157,90,14130
P008,Toor Dal,Pulses,2023-09-04,150,90,13500
P008,Toor Dal,Pulses,2023-09-11,137,90,12330
P008,Toor Dal,Pulses,2023-09-18,149,90,13410
P008,Toor Dal,Pulses,2023-09-25,142,90,12780
P008,Toor Dal,Pulses,2023-10-02,150,90,13500
P008,Toor Dal,Pulses,2023-10-09,146,90,13140
P008,Toor Dal,Pulses,2023-10-16,152,90,13680
P008,Toor Dal,Pulses,2023-10-23,133,90,11970
P008,Toor Dal,Pulses,2023-10-30,153,90,13770
P008,Toor Dal,Pulses,2023-11-06,157,90,14130
P008,Toor Dal,Pulses,2023-11-13,137,90,12330
P008,Toor Dal,Pulses,2023-11-20,144,90,12960
P008,Toor Dal,Pulses,2023-11-27,148,90,13320
P008,Toor Dal,Pulses,2023-12-04,151,90,13590
P008,Toor Dal,Pulses,2023-12-11,157,90,14130
P008,Toor Dal,Pulses,2023-12-18,140,90,12600
P008,Toor Dal,Pulses,2023-12-25,142,90,12780
P008,Toor Dal,Pulses,2024-01-01,178,90,16020
P008,Toor Dal,Pulses,2024-01-08,154,90,13860
P008,Toor Dal,Pulses,2024-01-15,178,90,16020
P008,Toor Dal,Pulses,2024-01-22,175,90,15750
P008,Toor Dal,Pulses,2024-01-29,167,90,15030
P008,Toor Dal,Pulses,2024-02-05,155,90,13950
P008,Toor Dal,Pulses,2024-02-12,170,90,15300
P008,Toor Dal,Pulses,2024-02-19,173,90,15570
P008,Toor Dal,Pulses,2024-02-26,172,90,15480
P008,Toor Dal,Pulses,2024-03-04,150,90,13500
P008,Toor Dal,Pulses,2024-03-11,131,90,11790
P008,Toor Dal,Pulses,2024-03-18,147,90,13230
P008,Toor Dal,Pulses,2024-03-25,130,90,11700
P008,Toor Dal,Pulses,2024-04-01,144,90,12960
P008,Toor Dal,Pulses,2024-04-08,146,90,13140
P008,Toor Dal,Pulses,2024-04-15,140,90,12600
P008,Toor Dal,Pulses,2024-04-22,154,90,13860
P008,Toor Dal,Pulses,2024-04-29,148,90,13320
P008,Toor Dal,Pulses,2024-05-06,155,90,13950
P008,Toor Dal,Pulses,2024-05-13,148,90,13320
P008,Toor Dal,Pulses,2024-05-20,131,90,11790
P008,Toor Dal,Pulses,2024-05-27,132,90,11880
P008,Toor Dal,Pulses,2024-06-03,135,90,12150
P008,Toor Dal,Pulses,2024-06-10,139,90,12510
P008,Toor Dal,Pulses,2024-06-17,151,90,13590
P008,Toor Dal,Pulses,2024-06-24,144,90,12960
P008,Toor Dal,Pulses,2024-07-01,144,90,12960
P008,Toor Dal,Pulses,2024-07-08,143,90,12870
P008,Toor Dal,Pulses,2024-07-15,129,90,11610
P008,Toor Dal,Pulses,2024-07-22,138,90,12420
P008,Toor Dal,Pulses,2024-07-29,149,90,13410
P008,Toor Dal,Pulses,2024-08-05,143,90,12870
P008,Toor Dal,Pulses,2024-08-12,142,90,12780
P008,Toor Dal,Pulses,2024-08-19,136,90,12240
P008,Toor Dal,Pulses,2024-08-26,131,90,11790
P008,Toor Dal,Pulses,2024-09-02,144,90,12960
P008,Toor Dal,Pulses,2024-09-09,154,90,13860
P008,Toor Dal,Pulses,2024-09-16,156,90,14040
P008,Toor Dal,Pulses,2024-09-23,145,90,13050
P008,Toor Dal,Pulses,2024-09-30,132,90,11880
P008,Toor Dal,Pulses,2024-10-07,157,90,14130
P008,Toor Dal,Pulses,2024-10-14,145,90,13050
P008,Toor Dal,Pulses,2024-10-21,146,90,13140
P008,Toor Dal,Pulses,2024-10-28,141,90,12690
P008,Toor Dal,Pulses,2024-11-04,144,90,12960
P008,Toor Dal,Pulses,2024-11-11,155,90,13950
P008,Toor Dal,Pulses,2024-11-18,139,90,12510
P008,Toor Dal,Pulses,2024-11-25,152,90,13680
P008,Toor Dal,Pulses,2024-12-02,131,90,11790
P008,Toor Dal,Pulses,2024-12-09,133,90,11970
P008,Toor Dal,Pulses,2024-12-16,138,90,12420
P008,Toor Dal,Pulses,2024-12-23,137,90,12330
P008,Toor Dal,Pulses,2024-12-30,147,90,13230
